rr,Temperature,time,gender
0,36.535714285714285,0,Male
1,36.5471978021978,1,Male
2,36.557307692307695,2,Male
3,36.56406593406593,3,Male
4,36.567362637362635,4,Male
5,36.57906593406593,5,Male
6,36.59373626373627,6,Male
7,36.604670329670334,7,Male
8,36.606593406593404,8,Male
9,36.6154945054945,9,Male
10,36.628571428571426,10,Male
11,36.63978021978022,11,Male
12,36.63989010989011,12,Male
13,36.64741758241758,13,Male
14,36.65472527472527,14,Male
15,36.65923076923077,15,Male
16,36.67862637362638,16,Male
17,36.69560296230769,17,Male
18,36.69648351648352,18,Male
19,36.71087912087912,19,Male
20,36.731318681318676,20,Male
21,36.73164835164835,21,Male
22,36.732142857142854,22,Male
23,36.75928571428572,23,Male
24,36.753626373626375,24,Male
25,36.76879120879121,25,Male
26,36.78631724802198,26,Male
27,36.78587768758241,27,Male
28,36.75911767582418,28,Male
29,36.75895284065934,29,Male
30,36.78708647879121,30,Male
31,36.79521834692308,31,Male
32,36.785054945054945,32,Male
33,36.79076923076923,33,Male
34,36.800824175824175,34,Male
35,36.80543956043956,35,Male
36,36.808901098901096,36,Male
37,36.81307692307693,37,Male
38,36.8110989010989,38,Male
39,36.8278021978022,39,Male
40,36.85142857142857,40,Male
41,36.86351505021978,41,Male
42,36.87214285714286,42,Male
43,36.881864928571424,43,Male
44,36.91538461538462,44,Male
45,36.93835164835165,45,Male
46,36.97093406593406,46,Male
47,37.00313186813187,47,Male
48,37.024890109890116,48,Male
49,37.05895604395604,49,Male
50,37.10148351648352,50,Male
51,37.1343956043956,51,Male
52,37.17276366038461,52,Male
53,37.20483516483517,53,Male
54,37.239065934065934,54,Male
55,37.28285714285715,55,Male
56,37.31961538461538,56,Male
57,37.34423076923077,57,Male
58,37.365416053296705,58,Male
59,37.38406593406593,59,Male
60,37.393956043956045,60,Male
61,37.41857142857143,61,Male
62,37.43318537989011,62,Male
63,37.44197802197802,63,Male
64,37.457362637362635,64,Male
65,37.47708791208792,65,Male
66,37.49631868131868,66,Male
67,37.517527472527476,67,Male
68,37.53741758241758,68,Male
69,37.541978021978025,69,Male
70,37.557472527472534,70,Male
71,37.57824175824176,71,Male
72,37.60054945054945,72,Male
73,37.61983516483516,73,Male
74,37.64181318681318,74,Male
75,37.654120879120875,75,Male
76,37.67928571428571,76,Male
77,37.70076923076923,77,Male
78,37.71851648351649,78,Male
79,37.72818681318682,79,Male
80,37.720000000000006,80,Male
81,37.738351648351646,81,Male
82,37.74884615384615,82,Male
83,37.745934065934065,83,Male
84,37.77010989010989,84,Male
85,37.79027472527473,85,Male
86,37.80007135269231,86,Male
87,37.806538461538466,87,Male
88,37.814560439560445,88,Male
89,37.81060439560439,89,Male
90,37.816318681318684,90,Male
91,37.82214285714286,91,Male
92,37.82461538461538,92,Male
93,37.85120735791209,93,Male
94,37.844833731538465,94,Male
95,37.82769230769231,95,Male
96,37.839175824175825,96,Male
97,37.85307692307692,97,Male
98,37.848736263736264,98,Male
99,37.840714285714284,99,Male
100,37.84593406593407,100,Male
101,37.856043956043955,101,Male
102,37.86593406593407,102,Male
103,37.85851648351648,103,Male
104,37.85456043956044,104,Male
105,37.8539010989011,105,Male
106,37.85730769230769,106,Male
107,37.84835164835165,107,Male
108,37.84159340659341,108,Male
109,37.841483516483514,109,Male
110,37.84252747252747,110,Male
111,37.84551091313187,111,Male
112,37.838956043956046,112,Male
113,37.80164514835165,113,Male
114,37.81351648351648,114,Male
115,37.816153846153846,115,Male
116,37.82543812714285,116,Male
117,37.839725274725275,117,Male
118,37.82373626373626,118,Male
119,37.80120879120879,119,Male
120,37.801373626373625,120,Male
121,37.816263736263735,121,Male
122,37.81928571428572,122,Male
123,37.81368131868131,123,Male
124,37.800879120879124,124,Male
125,37.79840659340659,125,Male
126,37.7832967032967,126,Male
127,37.7721978021978,127,Male
128,37.77615384615384,128,Male
129,37.77796703296703,129,Male
130,37.76472527472527,130,Male
131,37.74906593406594,131,Male
132,37.74038461538462,132,Male
133,37.74901098901098,133,Male
134,37.73554945054945,134,Male
135,37.72587912087912,135,Male
136,37.73164835164835,136,Male
137,37.74269230769231,137,Male
138,37.74197802197802,138,Male
139,37.73593406593407,139,Male
140,37.73263736263736,140,Male
141,37.7282967032967,141,Male
142,37.71214285714286,142,Male
143,37.6904945054945,143,Male
144,37.68192307692307,144,Male
145,37.67675824175824,145,Male
146,37.67538461538461,146,Male
147,37.675934065934065,147,Male
148,37.676593406593405,148,Male
149,37.6804945054945,149,Male
150,37.677582417582414,150,Male
151,37.68034607796704,151,Male
152,37.67649992412088,152,Male
153,37.67148351648352,153,Male
154,37.675934065934065,154,Male
155,37.6656043956044,155,Male
156,37.674065934065936,156,Male
157,37.67373626373627,157,Male
158,37.668406593406594,158,Male
159,37.67901098901099,159,Male
160,37.675054945054946,160,Male
161,37.660054945054945,161,Male
162,37.643681318681324,162,Male
163,37.646043956043954,163,Male
164,37.642857142857146,164,Male
165,37.618901098901105,165,Male
166,37.61131868131868,166,Male
167,37.61862637362638,167,Male
168,37.612307692307695,168,Male
169,37.59989010989011,169,Male
170,37.605274725274725,170,Male
171,37.595219780219786,171,Male
172,37.592637362637355,172,Male
173,37.58609890109891,173,Male
174,37.57456043956044,174,Male
175,37.58043956043956,175,Male
176,37.58,176,Male
177,37.57967032967033,177,Male
178,37.5832967032967,178,Male
179,37.57263736263736,179,Male
180,37.56159340659341,180,Male
181,37.549835164835166,181,Male
182,37.54538461538461,182,Male
183,37.535824175824175,183,Male
184,37.52862637362637,184,Male
185,37.53368131868132,185,Male
186,37.55043956043956,186,Male
187,37.5560989010989,187,Male
188,37.55516483516483,188,Male
189,37.54873626373627,189,Male
190,37.534945054945055,190,Male
191,37.53598901098901,191,Male
192,37.533186813186816,192,Male
193,37.52763736263737,193,Male
194,37.5210989010989,194,Male
195,37.51521978021977,195,Male
196,37.524890109890116,196,Male
197,37.53005494505494,197,Male
198,37.520714285714284,198,Male
199,37.50791208791208,199,Male
200,37.502197802197806,200,Male
201,37.49285714285714,201,Male
202,37.481153846153845,202,Male
203,37.48950549450549,203,Male
204,37.4995054945055,204,Male
205,37.4889010989011,205,Male
206,37.481153846153845,206,Male
207,37.470879120879125,207,Male
208,37.45928571428571,208,Male
209,37.45043956043956,209,Male
210,37.457472527472525,210,Male
211,37.44697802197802,211,Male
212,37.45274725274725,212,Male
213,37.45296703296703,213,Male
214,37.43824175824176,214,Male
215,37.4317032967033,215,Male
216,37.4301098901099,216,Male
217,37.433681318681316,217,Male
218,37.4354945054945,218,Male
219,37.43115384615385,219,Male
220,37.42120879120879,220,Male
221,37.418406593406594,221,Male
222,37.42117025379121,222,Male
223,37.402692307692305,223,Male
224,37.39016483516484,224,Male
225,37.378846153846155,225,Male
226,37.36983516483516,226,Male
227,37.36362637362637,227,Male
228,37.36192307692308,228,Male
229,37.36956043956044,229,Male
230,37.38346153846154,230,Male
231,37.38115384615384,231,Male
232,37.37236263736264,232,Male
233,37.36631868131868,233,Male
234,37.355989010989006,234,Male
235,37.35027472527473,235,Male
236,37.35489010989011,236,Male
237,37.370494505494506,237,Male
238,37.36252747252747,238,Male
239,37.35186813186813,239,Male
240,37.346758241758245,240,Male
241,37.324725274725274,241,Male
242,37.32142857142857,242,Male
243,37.315824175824176,243,Male
244,37.31032967032967,244,Male
245,37.31692307692308,245,Male
246,37.31170329670329,246,Male
247,37.31802197802198,247,Male
248,37.330439560439565,248,Male
249,37.335,249,Male
250,37.33,250,Male
251,37.3328021978022,251,Male
252,37.33543956043956,252,Male
253,37.331868131868134,253,Male
254,37.3306043956044,254,Male
255,37.316318681318684,255,Male
256,37.28413590939561,256,Male
257,37.31133508895605,257,Male
258,37.30649992412088,258,Male
259,37.2819381071978,259,Male
260,37.316554869175825,260,Male
261,37.31276366038462,261,Male
262,37.32093406593407,262,Male
263,37.32708791208791,263,Male
264,37.32175824175824,264,Male
265,37.3171978021978,265,Male
266,37.309065934065934,266,Male
267,37.316373626373625,267,Male
268,37.316538461538464,268,Male
269,37.3278021978022,269,Male
270,37.33752747252747,270,Male
271,37.34291208791209,271,Male
272,37.32626373626374,272,Male
273,37.324725274725274,273,Male
274,37.331648351648354,274,Male
275,37.32285714285714,275,Male
276,37.315989010989014,276,Male
277,37.31478021978022,277,Male
278,37.32291208791209,278,Male
279,37.323406593406595,279,Male
280,37.32510989010989,280,Male
281,37.32725274725275,281,Male
282,37.3189010989011,282,Male
283,37.3145054945055,283,Male
284,37.31978021978022,284,Male
285,37.315824175824176,285,Male
286,37.32203296703297,286,Male
287,37.323131868131874,287,Male
288,37.332873550494504,288,Male
289,37.33809333071429,289,Male
290,37.31857142857143,290,Male
291,37.3228021978022,291,Male
292,37.32324175824176,292,Male
293,37.31642857142857,293,Male
294,37.3210989010989,294,Male
295,37.32021978021978,295,Male
296,37.32093406593407,296,Male
297,37.332032967032966,297,Male
298,37.33417582417582,298,Male
299,37.33697802197803,299,Male
300,37.33664835164836,300,Male
301,37.34489010989011,301,Male
302,37.377747252747255,302,Male
303,37.38928571428572,303,Male
304,37.38505494505495,304,Male
305,37.38642857142857,305,Male
306,37.386208791208794,306,Male
307,37.38983516483517,307,Male
308,37.39802197802198,308,Male
309,37.40027472527472,309,Male
310,37.41331311093406,310,Male
311,37.41171970434066,311,Male
312,37.40089552851648,312,Male
313,37.369395604395606,313,Male
314,37.35978021978023,314,Male
315,37.34846153846154,315,Male
316,37.34703296703297,316,Male
317,37.35956043956044,317,Male
318,37.38807692307692,318,Male
319,37.388241758241755,319,Male
320,37.37681318681319,320,Male
321,37.37604395604395,321,Male
322,37.38824032494506,322,Male
323,37.37868131868132,323,Male
324,37.37516483516483,324,Male
325,37.37813186813187,325,Male
326,37.362087912087915,326,Male
327,37.35857142857143,327,Male
328,37.36214285714285,328,Male
329,37.35978021978023,329,Male
330,37.36159340659341,330,Male
331,37.355000000000004,331,Male
332,37.34648351648351,332,Male
333,37.35274725274725,333,Male
334,37.38166475928572,334,Male
335,37.37703296703297,335,Male
336,37.373461538461534,336,Male
337,37.36686813186814,337,Male
338,37.35362637362637,338,Male
339,37.34527472527473,339,Male
340,37.34340659340659,340,Male
341,37.34532967032967,341,Male
342,37.35181318681318,342,Male
343,37.354395604395606,343,Male
344,37.35505494505495,344,Male
345,37.36192307692308,345,Male
346,37.36225274725275,346,Male
347,37.3430370082967,347,Male
348,37.334999999999994,348,Male
349,37.323131868131874,349,Male
350,37.31895604395605,350,Male
351,37.31967032967033,351,Male
352,37.319010989010984,352,Male
353,37.324395604395605,353,Male
354,37.3282967032967,354,Male
355,37.323296703296705,355,Male
356,37.322417582417586,356,Male
357,37.33373626373626,357,Male
358,37.34186813186813,358,Male
359,37.34626373626374,359,Male
360,37.34483516483516,360,Male
361,37.3428021978022,361,Male
362,37.34472527472527,362,Male
363,37.357252747252744,363,Male
364,37.36840516010989,364,Male
365,37.34934065934066,365,Male
366,37.34252747252747,366,Male
367,37.34225274725275,367,Male
368,37.354945054945055,368,Male
369,37.369230769230775,369,Male
370,37.378296703296705,370,Male
371,37.36763415934065,371,Male
372,37.377197802197806,372,Male
373,37.36224954395605,373,Male
374,37.38791065461539,374,Male
375,37.38263736263736,375,Male
376,37.35241437912088,376,Male
377,37.35478021978022,377,Male
378,37.35835164835165,378,Male
379,37.36686813186814,379,Male
380,37.37538461538462,380,Male
381,37.36884615384616,381,Male
382,37.36527472527472,382,Male
383,37.38241614912088,383,Male
384,37.39681175351649,384,Male
385,37.38796703296703,385,Male
386,37.385934065934066,386,Male
387,37.39,387,Male
388,37.39357142857143,388,Male
389,37.39032967032967,389,Male
390,37.38725131395604,390,Male
391,37.3688978956044,391,Male
392,37.36472207142857,392,Male
393,37.34994185164835,393,Male
394,37.347579214285716,394,Male
395,37.36257921428571,395,Male
396,37.38246932417582,396,Male
397,37.39846153846154,397,Male
398,37.39302197802198,398,Male
399,37.39296703296703,399,Male
400,37.39692307692308,400,Male
401,37.39846153846154,401,Male
402,37.39857142857143,402,Male
403,37.39653846153846,403,Male
404,37.415493072197805,404,Male
405,37.41774581945055,405,Male
406,37.425932632637355,406,Male
407,37.40598901098901,407,Male
408,37.41538461538461,408,Male
409,37.4312801439011,409,Male
410,37.43521978021978,410,Male
411,37.421538461538454,411,Male
412,37.40659340659341,412,Male
413,37.396428571428565,413,Male
414,37.394175824175825,414,Male
415,37.39422933593407,415,Male
416,37.39725131395604,416,Male
417,37.38461218131868,417,Male
418,37.38142536813187,418,Male
419,37.38181318681318,419,Male
420,37.37236263736264,420,Male
421,37.38532967032967,421,Male
422,37.371919873626375,422,Male
423,37.36538141208791,423,Male
424,37.367084708791204,424,Male
425,37.37456043956043,425,Male
426,37.36912087912088,426,Male
427,37.363736263736264,427,Male
428,37.36247252747253,428,Male
429,37.36307692307692,429,Male
430,37.36873626373626,430,Male
431,37.36846153846154,431,Male
432,37.35489010989011,432,Male
433,37.35967032967033,433,Male
434,37.36571428571428,434,Male
435,37.35873626373626,435,Male
436,37.357472527472524,436,Male
437,37.35467032967033,437,Male
438,37.33708791208791,438,Male
439,37.32252426923077,439,Male
440,37.32373306043956,440,Male
441,37.34214285714285,441,Male
442,37.34560439560439,442,Male
443,37.34456043956044,443,Male
444,37.32961538461539,444,Male
445,37.32175824175824,445,Male
446,37.32576923076923,446,Male
447,37.32752747252747,447,Male
448,37.31884615384615,448,Male
449,37.30818681318681,449,Male
450,37.30263736263736,450,Male
451,37.30379120879121,451,Male
452,37.31098901098901,452,Male
453,37.31747252747253,453,Male
454,37.3067032967033,454,Male
455,37.29873626373627,455,Male
456,37.28851648351649,456,Male
457,37.277307692307694,457,Male
458,37.27428571428572,458,Male
459,37.274890109890116,459,Male
460,37.27758241758242,460,Male
461,37.302802197802194,461,Male
462,37.29576923076923,462,Male
463,37.291428571428575,463,Male
464,37.2717032967033,464,Male
465,37.26384615384615,465,Male
466,37.2854930721978,466,Male
467,37.285328237032964,467,Male
468,37.27302054472528,468,Male
469,37.268185379890106,469,Male
470,37.240439560439555,470,Male
471,37.23714285714285,471,Male
472,37.23505174175824,472,Male
473,37.230164835164835,473,Male
474,37.23401098901099,474,Male
475,37.245164835164836,475,Male
476,37.23197802197802,476,Male
477,37.22708791208792,477,Male
478,37.22428571428571,478,Male
479,37.22489010989011,479,Male
480,37.22714285714285,480,Male
481,37.230714285714285,481,Male
482,37.2265934065934,482,Male
483,37.228241758241765,483,Male
484,37.24164691835165,484,Male
485,37.25604252274725,485,Male
486,37.20752426923077,486,Male
487,37.20301877472527,487,Male
488,37.20587591758242,488,Male
489,37.200985807692305,489,Male
490,37.19417262087912,490,Male
491,37.20032967032967,491,Male
492,37.18203296703297,492,Male
493,37.175714285714285,493,Male
494,37.17335164835164,494,Male
495,37.1717032967033,495,Male
496,37.16565934065934,496,Male
497,37.1573076923077,497,Male
498,37.137637362637356,498,Male
499,37.11774725274726,499,Male
500,37.11813186813187,500,Male
501,37.10510989010989,501,Male
502,37.08186492857142,502,Male
503,37.08593406593406,503,Male
504,37.075219780219776,504,Male
505,37.07016483516484,505,Male
506,37.074120879120876,506,Male
507,37.07846153846153,507,Male
508,37.081043956043956,508,Male
509,37.08708791208791,509,Male
510,37.088076923076926,510,Male
511,37.08489010989011,511,Male
512,37.08450549450549,512,Male
513,37.073406593406595,513,Male
514,37.07054945054945,514,Male
515,37.05340659340659,515,Male
516,37.051703296703295,516,Male
517,37.043351648351646,517,Male
518,37.0332967032967,518,Male
519,37.026648351648355,519,Male
520,37.019175824175825,520,Male
521,37.01714285714286,521,Male
522,37.01489010989011,522,Male
523,37.00351648351648,523,Male
524,36.98527472527473,524,Male
525,36.9676923076923,525,Male
526,36.95467032967033,526,Male
527,36.95615384615384,527,Male
528,36.97862494032967,528,Male
529,36.97466569307692,529,Male
530,36.97499536340659,530,Male
531,36.97103931945055,531,Male
532,36.94384295054946,532,Male
533,36.95747109417583,533,Male
534,36.956042522747246,534,Male
535,36.95313043483516,535,Male
536,36.9234033901099,536,Male
537,36.918897895604395,537,Male
538,36.92180998351648,538,Male
539,36.964229335934064,539,Male
540,36.97856856197802,540,Male
541,36.93450085791209,541,Male
542,36.92846010516484,542,Male
543,36.91236263736264,543,Male
544,36.902692307692305,544,Male
545,36.89824175824175,545,Male
546,36.9,546,Male
547,36.8960989010989,547,Male
548,36.893681318681324,548,Male
549,36.885328237032965,549,Male
550,36.877745819450546,550,Male
551,36.88230625901099,551,Male
552,36.88214142384616,552,Male
553,36.87884472054945,553,Male
554,36.88560296230769,554,Male
555,36.89774581945055,555,Male
556,36.89532823703297,556,Male
557,36.88598757769231,557,Male
558,36.877690874395604,558,Male
559,36.87675680846154,559,Male
560,36.86581953923076,560,Male
561,36.86548986890109,561,Male
562,36.86626230296703,562,Male
563,36.86346010516483,563,Male
564,36.832747252747254,564,Male
565,36.82714285714286,565,Male
566,36.830769230769235,566,Male
567,36.83351648351648,567,Male
568,36.84027472527473,568,Male
569,36.82868131868132,569,Male
570,36.822802197802204,570,Male
571,36.81851648351648,571,Male
572,36.80681318681319,572,Male
573,36.79912087912088,573,Male
574,36.792307692307695,574,Male
575,36.78576923076923,575,Male
576,36.7943956043956,576,Male
577,36.78846153846154,577,Male
578,36.79010989010989,578,Male
579,36.78813186813187,579,Male
580,36.77967032967033,580,Male
581,36.77252747252748,581,Male
582,36.76653846153846,582,Male
583,36.78851505021978,583,Male
584,36.79477878648352,584,Male
585,36.80972384142858,585,Male
586,36.83192021032967,586,Male
587,36.82917295758242,587,Male
588,36.827744386153846,588,Male
589,36.79598757769231,589,Male
590,36.791866698571425,590,Male
591,36.79422933593406,591,Male
592,36.76516163186813,592,Male
593,36.80406306747253,593,Male
594,36.80406306747253,594,Male
595,36.791317248021976,595,Male
596,36.79406450076923,596,Male
597,36.7904898689011,597,Male
598,36.8021963689011,598,Male
599,36.79714142384615,599,Male
600,36.805876254285714,600,Male
601,36.75911767582418,601,Male
602,36.73994185164835,602,Male
603,36.73571428571428,603,Male
604,36.730274725274725,604,Male
605,36.72494505494506,605,Male
606,36.732142857142854,606,Male
607,36.73142857142857,607,Male
608,36.73395604395604,608,Male
609,36.74098901098902,609,Male
610,36.760384615384616,610,Male
611,36.75505494505495,611,Male
612,36.74626230296703,612,Male
613,36.74038318208791,613,Male
614,36.74186669857143,614,Male
615,36.743679885384616,615,Male
616,36.74131868131868,616,Male
617,36.714560439560444,617,Male
618,36.714065934065935,618,Male
619,36.71093406593406,619,Male
620,36.69478021978022,620,Male
621,36.69285714285714,621,Male
622,36.68307692307692,622,Male
623,36.68604395604395,623,Male
624,36.676373626373625,624,Male
625,36.65884615384615,625,Male
626,36.64917582417582,626,Male
627,36.64489010989011,627,Male
628,36.64318681318681,628,Male
629,36.64192307692308,629,Male
630,36.64857142857143,630,Male
631,36.64802197802198,631,Male
632,36.67411944582418,632,Male
633,36.67824032494506,633,Male
634,36.67741614912087,634,Male
635,36.67296559967033,635,Male
636,36.66065790736264,636,Male
637,36.6643941710989,637,Male
638,36.64994505494506,638,Male
639,36.65576779747253,639,Male
640,36.64538318208791,640,Male
641,36.63851505021978,641,Male
642,36.64153559494506,642,Male
643,36.6304916389011,643,Male
644,36.62246966087912,644,Male
645,36.609722408131866,645,Male
646,36.5992828476923,646,Male
647,36.59054658395604,647,Male
648,36.57582274252747,648,Male
649,36.56296559967033,649,Male
650,36.55900955571429,650,Male
651,36.5543941710989,651,Male
652,36.54763592934066,652,Male
653,36.53362494032967,653,Male
654,36.52362494032967,654,Male
655,36.509009555714286,655,Male
656,36.502635929340656,656,Male
657,36.4993941710989,657,Male
658,36.502031533736265,658,Male
659,36.49697802197802,659,Male
660,36.48021978021978,660,Male
661,36.4810989010989,661,Male
662,36.47060119230769,662,Male
663,36.5067018634066,663,Male
664,36.49038461538461,664,Male
665,36.495384615384616,665,Male
666,36.532416149120884,666,Male
667,36.563899665604396,667,Male
668,36.569777353186815,668,Male
669,36.58257955098901,669,Male
670,36.570822742527476,670,Male
671,36.54483516483516,671,Male
672,36.558186813186815,672,Male
673,36.56813043483517,673,Male
674,36.56966889637362,674,Male
675,36.565548017252745,675,Male
676,36.56406450076923,676,Male
677,36.58148208318681,677,Male
678,36.57757955098901,678,Male
679,36.55587768758242,679,Male
680,36.54835164835165,680,Male
681,36.543076923076924,681,Male
682,36.55054945054945,682,Male
683,36.534505494505495,683,Male
684,36.516811753516485,684,Male
685,36.51637219307692,685,Male
686,36.517361204065935,686,Male
687,36.50631724802198,687,Male
688,36.49900955571429,688,Male
689,36.47538461538461,689,Male
690,36.47527329197802,690,Male
691,36.4626908743956,691,Male
692,36.44362494032967,692,Male
693,36.46631581472527,693,Male
694,36.45719493560439,694,Male
695,36.44313043483516,695,Male
696,36.42911944582418,696,Male
697,36.41164691835165,697,Male
698,36.40928428098901,698,Male
699,36.408240324945055,699,Male
700,36.4126908743956,700,Male
701,36.408460105164835,701,Male
702,36.42873483043956,702,Male
703,36.46688167291209,703,Male
704,36.461277277307694,704,Male
705,36.43104108945055,705,Male
706,36.421975155384615,706,Male
707,36.413733397142856,707,Male
708,36.41093119934066,708,Male
709,36.41708504549451,709,Male
710,36.421039656153845,710,Male
711,36.39774295285714,711,Male
712,36.37241614912088,712,Male
713,36.36175680846154,713,Male
714,36.35274725274725,714,Male
715,36.34303838565934,715,Male
716,36.33007135269231,716,Male
717,36.308368055989014,717,Male
718,36.30298344060439,718,Male
719,36.30342300104395,719,Male
720,36.29732409994505,720,Male
721,36.291225198846156,721,Male
722,36.28221420983517,722,Male
723,36.28754388016483,723,Male
724,36.30281717214286,724,Male
725,36.26655205851649,725,Male
726,36.255508102472525,726,Male
727,36.24600404126374,727,Male
728,36.24638865664835,728,Male
729,36.26595047357143,729,Male
730,36.262598825219776,730,Male
731,36.26908090840659,731,Male
732,36.26666332598901,732,Male
733,36.252047941373625,733,Male
734,36.20825816587912,734,Male
735,36.18710294236264,735,Male
736,36.19710294236263,736,Male
737,36.19171832697803,737,Male
738,36.20781860543956,738,Male
739,36.17358645884615,739,Male
740,36.21171827104396,740,Male
741,36.20836662269231,741,Male
742,36.21419079851648,742,Male
743,36.22160694763736,743,Male
744,36.19215926478022,744,Male
745,36.1968845395055,745,Male
746,36.20419223181319,746,Male
747,36.18061942587912,747,Male
748,36.21689956978022,748,Male
749,36.2060204489011,749,Male
750,36.17814827576923,750,Male
751,36.17941201203297,751,Male
752,36.17203296703297,752,Male
753,36.15659340659341,753,Male
754,36.143406593406596,754,Male
755,36.13494505494506,755,Male
756,36.130274725274724,756,Male
757,36.14175824175824,757,Male
758,36.14082417582418,758,Male
759,36.13126373626373,759,Male
760,36.137197802197804,760,Male
761,36.129890109890106,761,Male
762,36.121153846153845,762,Male
763,36.11527472527472,763,Male
764,36.105384615384615,764,Male
765,36.12930212192308,765,Male
766,36.11204937467033,766,Male
767,36.113148275769234,767,Male
768,36.082417582417584,768,Male
769,36.103185379890114,769,Male
770,36.10747109417582,770,Male
771,36.11340516010989,771,Male
772,36.09417582417582,772,Male
773,36.0604945054945,773,Male
774,36.08708791208791,774,Male
775,36.113972451593405,775,Male
776,36.12563721087913,776,Male
777,36.12690094714286,777,Male
778,36.15369772631868,778,Male
779,36.159685304010985,779,Male
780,36.141388600714286,780,Male
781,36.106043956043955,781,Male
782,36.1193956043956,782,Male
783,36.122379044999995,783,Male
784,36.091005418626374,784,Male
785,36.10188453950549,785,Male
786,36.096593406593406,786,Male
787,36.07868131868132,787,Male
788,36.06384615384615,788,Male
789,36.06395604395605,789,Male
790,36.04510989010989,790,Male
791,36.04197802197802,791,Male
792,36.05538461538462,792,Male
793,36.02802197802198,793,Male
794,36.01934065934066,794,Male
795,35.99688316214286,795,Male
796,36.02175824175824,796,Male
797,36.017417582417586,797,Male
798,36.00637362637362,798,Male
799,35.97587912087912,799,Male
800,35.979175824175826,800,Male
801,35.979670329670334,801,Male
802,35.994339226043955,802,Male
803,35.99230769230769,803,Male
804,35.97653846153846,804,Male
805,35.9895054945055,805,Male
806,35.99664835164835,806,Male
807,35.98269230769231,807,Male
808,36.02961538461538,808,Male
809,36.009559006263736,809,Male
810,35.97587768758242,810,Male
811,35.99851361692308,811,Male
812,35.992909221318676,812,Male
813,35.955714285714286,813,Male
814,35.92203296703297,814,Male
815,35.9556043956044,815,Male
816,35.957967032967034,816,Male
817,35.965934065934064,817,Male
818,35.98472527472528,818,Male
819,35.98967032967033,819,Male
820,35.954119445824176,820,Male
821,35.93335164835165,821,Male
822,35.93835164835165,822,Male
823,35.96807692307692,823,Male
824,36.00340516010989,824,Male
825,36.009998566703295,825,Male
826,36.009009555714286,826,Male
827,36.017196368901104,827,Male
828,36.01631724802198,828,Male
829,35.99791065461538,829,Male
830,36.009613951318684,830,Male
831,36.02703153373626,831,Male
832,36.040163401868135,832,Male
833,36.05955900626373,833,Male
834,36.05653846153846,834,Male
835,36.049725274725276,835,Male
836,36.049615384615386,836,Male
837,36.04818681318681,837,Male
838,36.05989010989011,838,Male
839,36.080989010989015,839,Male
840,36.10956043956044,840,Male
841,36.128461538461536,841,Male
842,36.11917582417583,842,Male
843,36.13285570956044,843,Male
844,36.14395461065934,844,Male
845,36.169997133406596,845,Male
846,36.15505351175824,846,Male
847,36.16115241285714,847,Male
848,36.19230625901099,848,Male
849,36.20258098428572,849,Male
850,36.221207357912085,850,Male
851,36.21785570956044,851,Male
852,36.23175680846153,852,Male
853,36.23060296230769,853,Male
854,36.21758098428571,854,Male
855,36.22626230296704,855,Male
856,36.2123076923077,856,Male
857,36.19510989010989,857,Male
858,36.19406593406593,858,Male
859,36.19373483043956,859,Male
860,36.19587768758242,860,Male
861,36.206537028241755,861,Male
862,36.20604252274725,862,Male
863,36.19197658868132,863,Male
864,36.22637075978022,864,Male
865,36.25578277181319,865,Male
866,36.25874980478022,866,Male
867,36.23100117467033,867,Male
868,36.22539677906594,868,Male
869,36.21199018565934,869,Male
870,36.17259601456044,870,Male
871,36.16560296230769,871,Male
872,36.189888676593405,872,Male
873,36.20867988538462,873,Male
874,36.204888676593406,874,Male
875,36.18774725274725,875,Male
876,36.17208791208791,876,Male
877,36.17120879120879,877,Male
878,36.144395604395605,878,Male
879,36.144395604395605,879,Male
880,36.14087912087912,880,Male
881,36.12510989010989,881,Male
882,36.11483516483516,882,Male
883,36.11532967032967,883,Male
884,36.120274725274726,884,Male
885,36.12587912087912,885,Male
886,36.130164835164834,886,Male
887,36.11978021978022,887,Male
888,36.11653846153846,888,Male
889,36.1328021978022,889,Male
890,36.113477946098904,890,Male
891,36.12452190214286,891,Male
892,36.12353289115385,892,Male
893,36.1306757482967,893,Male
894,36.12430212192307,894,Male
895,36.066373626373625,895,Male
896,36.05434065934066,896,Male
897,36.05296703296703,897,Male
898,36.05417582417582,898,Male
899,36.03434065934066,899,Male
900,36.042197802197805,900,Male
901,36.03175503846153,901,Male
902,36.03384295054945,902,Male
903,36.05252426923077,903,Male
904,36.037136450549454,904,Male
905,36.088969585,905,Male
906,36.055729260054946,906,Male
907,36.02587768758242,907,Male
908,36.0128021978022,908,Male
909,36.02906593406593,909,Male
910,36.01912087912088,910,Male
911,36.04622519884615,911,Male
912,36.03248893510989,912,Male
913,36.010895528516485,913,Male
914,36.01380761642857,914,Male
915,36.00688316214286,915,Male
916,36.01276228302198,916,Male
917,36.04462898159341,917,Male
918,36.03160700357143,918,Male
919,36.040509479835166,919,Male
920,36.049740249065934,920,Male
921,36.042031533736264,921,Male
922,36.031921643626376,922,Male
923,36.068678452087916,923,Male
924,36.05746966087912,924,Male
925,36.04499856670329,925,Male
926,36.019339226043954,926,Male
927,36.01521834692308,927,Male
928,36.02252603923077,928,Male
929,36.026262302967034,929,Male
930,36.018240324945054,930,Male
931,36.010108456813185,931,Male
932,35.99538318208791,932,Male
933,36.010163401868134,933,Male
934,36.019229335934064,934,Male
935,36.00851328021978,935,Male
936,36.04675680846154,936,Male
937,36.0365919732967,937,Male
938,36.00444911615385,938,Male
939,36.00532823703297,939,Male
940,35.98027152197802,940,Male
941,36.01082130923077,941,Male
942,35.96906450076923,942,Male
943,35.93757921428571,943,Male
944,35.9293924010989,944,Male
945,35.943293499999996,945,Male
946,35.94664514835165,946,Male
947,35.93565470406594,947,Male
948,35.91093263263736,948,Male
949,35.912362637362634,949,Male
950,35.91254388016483,950,Male
951,35.87386118412088,951,Male
952,35.90375129401099,952,Male
953,35.90039964565934,953,Male
954,35.940346077967035,954,Male
955,35.93153846153846,955,Male
956,35.94626373626374,956,Male
957,35.95906593406594,957,Male
958,35.96412087912088,958,Male
959,35.95274725274725,959,Male
960,35.948681318681324,960,Male
961,35.96089552851648,961,Male
962,35.965236187857144,962,Male
963,35.98062080324176,963,Male
964,35.951663381923076,964,Male
965,35.95017986543956,965,Male
966,35.94232272258242,966,Male
967,35.937982063241755,967,Male
968,35.97259744785714,968,Male
969,36.01193380730769,969,Male
970,35.98929787796703,970,Male
971,35.9991330428022,971,Male
972,36.01713999054945,972,Male
973,35.98922933593406,973,Male
974,35.98796559967033,974,Male
975,36.002635929340656,975,Male
976,36.00699299631869,976,Male
977,36.000729260054946,977,Male
978,36.01556442489011,978,Male
979,36.00296559967033,979,Male
980,36.01972384142857,980,Male
981,36.031811753516486,981,Male
982,36.02692164362637,982,Male
983,36.00741758241758,983,Male
984,36.0110989010989,984,Male
985,36.02752603923077,985,Male
986,36.05670043010989,986,Male
987,36.063019111428574,987,Male
988,36.06845867186813,988,Male
989,36.077249880659345,989,Male
990,36.06467032967033,990,Male
991,36.03291208791209,991,Male
992,36.00269230769231,992,Male
993,35.995604395604396,993,Male
994,35.978956043956046,994,Male
995,35.988846153846154,995,Male
996,35.994230769230775,996,Male
997,35.97615384615384,997,Male
998,35.958791208791204,998,Male
999,35.96065934065934,999,Male
1000,35.98945054945055,1000,Male
1001,35.99071428571428,1001,Male
1002,36.010163401868134,1002,Male
1003,35.994725274725276,1003,Male
1004,35.99296703296703,1004,Male
1005,35.995384615384616,1005,Male
1006,35.98417582417583,1006,Male
1007,35.9982967032967,1007,Male
1008,36.00208791208791,1008,Male
1009,36.004065934065935,1009,Male
1010,36.003956043956045,1010,Male
1011,36.01477878648352,1011,Male
1012,36.02752603923077,1012,Male
1013,36.037304489010985,1013,Male
1014,36.04043956043956,1014,Male
1015,36.03873626373626,1015,Male
1016,36.051153846153845,1016,Male
1017,36.06423076923077,1017,Male
1018,36.06082417582417,1018,Male
1019,36.07186813186813,1019,Male
1020,36.07857142857143,1020,Male
1021,36.097362637362636,1021,Male
1022,36.09247252747253,1022,Male
1023,36.082362637362635,1023,Male
1024,36.082142857142856,1024,Male
1025,36.05346153846154,1025,Male
1026,36.0567032967033,1026,Male
1027,36.058128664835166,1027,Male
1028,36.09054801725274,1028,Male
1029,36.09433922604395,1029,Male
1030,36.08384295054945,1030,Male
1031,36.113293500000005,1031,Male
1032,36.121808550219775,1032,Male
1033,36.112798994505496,1033,Male
1034,36.107908884615384,1034,Male
1035,36.11730448901099,1035,Male
1036,36.10142536813187,1036,Male
1037,36.10417262087912,1037,Male
1038,36.09466712637363,1038,Male
1039,36.106919873626374,1039,Male
1040,36.09576602747253,1040,Male
1041,36.07977701648352,1041,Male
1042,36.0704913021978,1042,Male
1043,36.09472207142857,1043,Male
1044,36.123788005494504,1044,Male
1045,36.12648351648352,1045,Male
1046,36.134450549450555,1046,Male
1047,36.143846153846155,1047,Male
1048,36.15439560439561,1048,Male
1049,36.16456043956044,1049,Male
1050,36.1849985667033,1050,Male
1051,36.15054624725275,1051,Male
1052,36.120051741758246,1052,Male
1053,36.12373306043956,1053,Male
1054,36.10191987362638,1054,Male
1055,36.10433745604396,1055,Male
1056,36.07510989010989,1056,Male
1057,36.081483516483516,1057,Male
1058,36.08912087912088,1058,Male
1059,36.07087912087912,1059,Male
1060,36.07807692307692,1060,Male
1061,36.09010989010989,1061,Male
1062,36.1006043956044,1062,Male
1063,36.075824175824174,1063,Male
1064,36.081923076923076,1064,Male
1065,36.082912087912085,1065,Male
1066,36.08582417582418,1066,Male
1067,36.10010989010989,1067,Male
1068,36.08697658868132,1068,Male
1069,36.05725274725275,1069,Male
1070,36.03956043956044,1070,Male
1071,36.04357142857143,1071,Male
1072,36.04769230769231,1072,Male
1073,36.05291208791209,1073,Male
1074,36.042967032967034,1074,Male
1075,36.03923076923077,1075,Male
1076,36.06078563840659,1076,Male
1077,36.03076923076923,1077,Male
1078,36.036263736263734,1078,Male
1079,36.02489010989011,1079,Male
1080,36.02967032967033,1080,Male
1081,36.04829670329671,1081,Male
1082,36.040769230769236,1082,Male
1083,36.03225274725275,1083,Male
1084,36.04131868131868,1084,Male
1085,36.02791208791209,1085,Male
1086,36.02324175824176,1086,Male
1087,36.02483516483516,1087,Male
1088,36.00824175824176,1088,Male
1089,36.01653846153847,1089,Male
1090,36.018406593406596,1090,Male
1091,36.04736120406593,1091,Male
1092,36.02644360170329,1092,Male
1093,36.02479525005494,1093,Male
1094,35.95173410802198,1094,Male
1095,35.95193885796703,1095,Male
1096,35.929686110714286,1096,Male
1097,35.95073006675824,1097,Male
1098,35.93551028653847,1098,Male
1099,36.003406593406595,1099,Male
1100,35.99989010989011,1100,Male
1101,35.99928571428571,1101,Male
1102,35.989065934065934,1102,Male
1103,36.00208791208791,1103,Male
1104,35.98582417582418,1104,Male
1105,35.96489010989011,1105,Male
1106,35.97917439087912,1106,Male
1107,35.970218346923076,1107,Male
1108,35.99527329197802,1108,Male
1109,36.00626373626373,1109,Male
1110,35.988791208791206,1110,Male
1111,35.98346153846153,1111,Male
1112,36.01340659340659,1112,Male
1113,36.00043956043956,1113,Male
1114,36.013021978021975,1114,Male
1115,36.04379120879121,1115,Male
1116,36.03835164835165,1116,Male
1117,36.02884615384615,1117,Male
1118,36.01989010989011,1118,Male
1119,36.02296703296703,1119,Male
1120,36.026263736263736,1120,Male
1121,36.033956043956046,1121,Male
1122,36.04422933593407,1122,Male
1123,36.02886112818681,1123,Male
1124,36.0361688204945,1124,Male
1125,36.021607003571425,1125,Male
1126,36.019631792252746,1126,Male
1127,36.0284779460989,1127,Male
1128,36.01791208791209,1128,Male
1129,36.05467032967033,1129,Male
1130,36.07406450076923,1130,Male
1131,36.06579923538461,1131,Male
1132,36.05902138269231,1132,Male
1133,36.05197481868132,1133,Male
1134,36.06225274725275,1134,Male
1135,36.01236263736264,1135,Male
1136,36.03835021505495,1136,Male
1137,36.026097467802195,1137,Male
1138,36.06620735791209,1138,Male
1139,36.06771779538462,1139,Male
1140,36.05689361956044,1140,Male
1141,36.03260790527472,1141,Male
1142,36.05793757560439,1142,Male
1143,36.0789010989011,1143,Male
1144,36.08631868131868,1144,Male
1145,36.081758241758244,1145,Male
1146,36.08576923076923,1146,Male
1147,36.08049450549451,1147,Male
1148,36.06417582417583,1148,Male
1149,36.07978021978022,1149,Male
1150,36.11302197802198,1150,Male
1151,36.12699305225275,1151,Male
1152,36.1,1152,Male
1153,36.104285714285716,1153,Male
1154,36.09252747252747,1154,Male
1155,36.10318681318681,1155,Male
1156,36.10467032967033,1156,Male
1157,36.097252747252746,1157,Male
1158,36.097417582417584,1158,Male
1159,36.10576923076923,1159,Male
1160,36.104285714285716,1160,Male
1161,36.09450549450549,1161,Male
1162,36.107032967032964,1162,Male
1163,36.12131868131868,1163,Male
1164,36.09704799730769,1164,Male
1165,36.16335164835165,1165,Male
1166,36.2034065934066,1166,Male
1167,36.19368131868132,1167,Male
1168,36.19674340104395,1168,Male
1169,36.18098901098901,1169,Male
1170,36.20203296703297,1170,Male
1171,36.18,1171,Male
1172,36.17043956043956,1172,Male
1173,36.20461538461539,1173,Male
1174,36.20900955571429,1174,Male
1175,36.22324032494505,1175,Male
1176,36.2054930721978,1176,Male
1177,36.205657907362635,1177,Male
1178,36.184725274725274,1178,Male
1179,36.16296703296704,1179,Male
1180,36.14978021978022,1180,Male
1181,36.15945054945055,1181,Male
1182,36.168296703296704,1182,Male
1183,36.18543956043956,1183,Male
1184,36.18726915489011,1184,Male
1185,36.17303838565934,1185,Male
1186,36.16496146258242,1186,Male
1187,36.14236263736264,1187,Male
1188,36.144412012032966,1188,Male
1189,36.1329834406044,1189,Male
1190,36.11996146258242,1190,Male
1191,36.111208791208796,1191,Male
1192,36.09824175824176,1192,Male
1193,36.104835164835166,1193,Male
1194,36.12263592934066,1194,Male
1195,36.127193165604396,1195,Male
1196,36.138568225274724,1196,Male
1197,36.17005030846154,1197,Male
1198,36.18741614912088,1198,Male
1199,36.17005351175824,1199,Male
1200,36.17043956043956,1200,Male
1201,36.151318681318685,1201,Male
1202,36.129945054945054,1202,Male
1203,36.11791208791208,1203,Male
1204,36.11884615384615,1204,Male
1205,36.10923076923077,1205,Male
1206,36.11516483516483,1206,Male
1207,36.127197802197806,1207,Male
1208,36.121263736263735,1208,Male
1209,36.10038461538461,1209,Male
1210,36.088736263736266,1210,Male
1211,36.09395461065934,1211,Male
1212,36.074780219780216,1212,Male
1213,36.065879120879124,1213,Male
1214,36.06241758241758,1214,Male
1215,36.072087912087916,1215,Male
1216,36.06961538461538,1216,Male
1217,36.06120879120879,1217,Male
1218,36.074505494505495,1218,Male
1219,36.051593406593405,1219,Male
1220,36.04582417582417,1220,Male
1221,36.049780219780224,1221,Male
1222,36.06010989010989,1222,Male
1223,36.06950549450549,1223,Male
1224,36.07115384615385,1224,Male
1225,36.09780076450549,1225,Male
1226,36.09868131868132,1226,Male
1227,36.09001578104395,1227,Male
1228,36.08140581505494,1228,Male
1229,36.06105653379121,1229,Male
1230,36.06611147884615,1230,Male
1231,36.07072686346154,1231,Male
1232,36.06666318741758,1232,Male
1233,36.08780125252747,1233,Male
1234,36.08791114263736,1234,Male
1235,36.08675729648352,1235,Male
1236,36.061207845934064,1236,Male
1237,36.05533192835164,1237,Male
1238,36.0837865721978,1238,Male
1239,36.067304489010986,1239,Male
1240,36.073076923076925,1240,Male
1241,36.10631868131868,1241,Male
1242,36.12285714285714,1242,Male
1243,36.12285714285714,1243,Male
1244,36.12120735791209,1244,Male
1245,36.1043924010989,1245,Male
1246,36.099996796703294,1246,Male
1247,36.13115384615384,1247,Male
1248,36.13521978021978,1248,Male
1249,36.11340339010989,1249,Male
1250,36.12203296703297,1250,Male
1251,36.14379120879121,1251,Male
1252,36.15736263736263,1252,Male
1253,36.17269230769231,1253,Male
1254,36.17467032967033,1254,Male
1255,36.17752747252747,1255,Male
1256,36.17961538461539,1256,Male
1257,36.181538461538466,1257,Male
1258,36.19351648351648,1258,Male
1259,36.19016163186813,1259,Male
1260,36.19598580769231,1260,Male
1261,36.1882935,1261,Male
1262,36.198020544725274,1262,Male
1263,36.1926908743956,1263,Male
1264,36.18335021505494,1264,Male
1265,36.15587912087913,1265,Male
1266,36.144285714285715,1266,Male
1267,36.15038461538462,1267,Male
1268,36.15664514835165,1268,Male
1269,36.15395604395605,1269,Male
1270,36.14802197802198,1270,Male
1271,36.15708791208791,1271,Male
1272,36.14345833516484,1272,Male
1273,36.17953808351648,1273,Male
1274,36.17673588571429,1274,Male
1275,36.18582274252747,1275,Male
1276,36.18813186813187,1276,Male
1277,36.18258241758242,1277,Male
1278,36.18027472527472,1278,Male
1279,36.16263736263736,1279,Male
1280,36.15945054945055,1280,Male
1281,36.15351648351648,1281,Male
1282,36.160769230769226,1282,Male
1283,36.167582417582416,1283,Male
1284,36.15785714285714,1284,Male
1285,36.166921643626374,1285,Male
1286,36.18032823703297,1286,Male
1287,36.180932632637365,1287,Male
1288,36.16006997532967,1288,Male
1289,36.17247252747253,1289,Male
1290,36.152527472527474,1290,Male
1291,36.13928571428571,1291,Male
1292,36.14967032967033,1292,Male
1293,36.146205587912085,1293,Male
1294,36.13472527472528,1294,Male
1295,36.14043812714286,1295,Male
1296,36.114230769230765,1296,Male
1297,36.09543956043956,1297,Male
1298,36.095879120879125,1298,Male
1299,36.0865902032967,1299,Male
1300,36.07818360989011,1300,Male
1301,36.09258241758242,1301,Male
1302,36.08631868131868,1302,Male
1303,36.076098901098895,1303,Male
1304,36.08489010989011,1304,Male
1305,36.098296703296704,1305,Male
1306,36.09956043956044,1306,Male
1307,36.10010989010989,1307,Male
1308,36.09527472527473,1308,Male
1309,36.09153846153846,1309,Male
1310,36.07950549450549,1310,Male
1311,36.08681318681319,1311,Male
1312,36.09967032967033,1312,Male
1313,36.097967032967034,1313,Male
1314,36.114175824175824,1314,Male
1315,36.125,1315,Male
1316,36.136648351648354,1316,Male
1317,36.153241758241755,1317,Male
1318,36.16153846153846,1318,Male
1319,36.15692307692308,1319,Male
1320,36.17142857142857,1320,Male
1321,36.18444911615385,1321,Male
1322,36.1589010989011,1322,Male
1323,36.168131868131866,1323,Male
1324,36.175054945054946,1324,Male
1325,36.168076923076924,1325,Male
1326,36.184450549450546,1326,Male
1327,36.199340659340656,1327,Male
1328,36.18252747252747,1328,Male
1329,36.18945054945055,1329,Male
1330,36.193131868131864,1330,Male
1331,36.18604395604395,1331,Male
1332,36.18637362637363,1332,Male
1333,36.199340659340656,1333,Male
1334,36.2039010989011,1334,Male
1335,36.17082417582417,1335,Male
1336,36.14631868131868,1336,Male
1337,36.14934065934066,1337,Male
1338,36.14846153846154,1338,Male
1339,36.16417582417582,1339,Male
1340,36.175494505494505,1340,Male
1341,36.19450549450549,1341,Male
1342,36.19620879120879,1342,Male
1343,36.200164835164834,1343,Male
1344,36.21159340659341,1344,Male
1345,36.21164835164835,1345,Male
1346,36.20296703296703,1346,Male
1347,36.20978021978022,1347,Male
1348,36.2206043956044,1348,Male
1349,36.22148351648352,1349,Male
1350,36.21510989010989,1350,Male
1351,36.22054945054945,1351,Male
1352,36.23098901098901,1352,Male
1353,36.23736263736264,1353,Male
1354,36.223461538461535,1354,Male
1355,36.221703296703296,1355,Male
1356,36.22681318681318,1356,Male
1357,36.23395604395604,1357,Male
1358,36.24120879120879,1358,Male
1359,36.26604395604396,1359,Male
1360,36.26648351648352,1360,Male
1361,36.25554945054945,1361,Male
1362,36.24736263736264,1362,Male
1363,36.25159340659341,1363,Male
1364,36.25582417582417,1364,Male
1365,36.27401098901099,1365,Male
1366,36.300236187857145,1366,Male
1367,36.29968673730769,1367,Male
1368,36.29858783620879,1368,Male
1369,36.28653846153846,1369,Male
1370,36.285164835164835,1370,Male
1371,36.29505494505495,1371,Male
1372,36.30516483516484,1372,Male
1373,36.29736263736264,1373,Male
1374,36.29967032967033,1374,Male
1375,36.293842950549454,1375,Male
1376,36.29093406593407,1376,Male
1377,36.28686813186813,1377,Male
1378,36.279120879120875,1378,Male
1379,36.28807692307692,1379,Male
1380,36.28664835164835,1380,Male
1381,36.292582417582416,1381,Male
1382,36.30120879120879,1382,Male
1383,36.30412087912088,1383,Male
1384,36.292527472527475,1384,Male
1385,36.277417582417584,1385,Male
1386,36.28175824175825,1386,Male
1387,36.292692307692306,1387,Male
1388,36.29098901098901,1388,Male
1389,36.28763736263736,1389,Male
1390,36.28774725274725,1390,Male
1391,36.29967032967033,1391,Male
1392,36.30538461538462,1392,Male
1393,36.28357142857143,1393,Male
1394,36.26368131868132,1394,Male
1395,36.28972527472528,1395,Male
1396,36.294230769230765,1396,Male
1397,36.292362637362636,1397,Male
1398,36.31197802197802,1398,Male
1399,36.30478021978022,1399,Male
0,37.260934065934066,0,Female
1,37.27565934065934,1,Female
2,37.287142857142854,2,Female
3,37.30214285714286,3,Female
4,37.32159340659341,4,Female
5,37.33340659340659,5,Female
6,37.34521978021978,6,Female
7,37.35989010989011,7,Female
8,37.37649733120879,8,Female
9,37.39620879120879,9,Female
10,37.40659340659341,10,Female
11,37.410824175824175,11,Female
12,37.42335164835165,12,Female
13,37.42967032967033,13,Female
14,37.43912087912088,14,Female
15,37.456043956043956,15,Female
16,37.46527472527473,16,Female
17,37.48368131868132,17,Female
18,37.496483516483515,18,Female
19,37.510659340659345,19,Female
20,37.5223076923077,20,Female
21,37.52620879120879,21,Female
22,37.536332496043954,22,Female
23,37.55094788065934,23,Female
24,37.565013814725276,24,Female
25,37.565989010989014,25,Female
26,37.5671978021978,26,Female
27,37.58318681318682,27,Female
28,37.60730769230769,28,Female
29,37.61587912087912,29,Female
30,37.60911625412088,30,Female
31,37.604116254120875,31,Female
32,37.61307692307692,32,Female
33,37.63269230769231,33,Female
34,37.64703296703296,34,Female
35,37.6567032967033,35,Female
36,37.66323713324176,36,Female
37,37.67288675126373,37,Female
38,37.684864773241756,38,Female
39,37.69338125675824,39,Female
40,37.69640785978022,40,Female
41,37.69563862901099,41,Female
42,37.70911625412088,42,Female
43,37.718072298076926,43,Female
44,37.7245008695055,44,Female
45,37.727907462912086,45,Female
46,37.73356680357143,46,Female
47,37.74016021016484,47,Female
48,37.74696877197802,48,Female
49,37.757847892857136,49,Female
50,37.77185425686813,50,Female
51,37.789157324175825,51,Female
52,37.81306304807692,52,Female
53,37.835366115384616,53,Female
54,37.861085026098905,54,Female
55,37.88383227884616,55,Female
56,37.900315795329675,56,Female
57,37.92234876236263,57,Female
58,37.93959688461539,58,Female
59,37.957568542582415,59,Female
60,37.97619491620879,60,Female
61,37.99630480631868,61,Female
62,38.00949161950549,62,Female
63,38.01504107005495,63,Female
64,38.02471139972528,64,Female
65,38.03734876236263,65,Female
66,38.04432678434066,66,Female
67,38.048566803571426,67,Female
68,38.050604395604395,68,Female
69,38.05324175824176,69,Female
70,38.06005494505495,70,Female
71,38.07115384615384,71,Female
72,38.080219780219785,72,Female
73,38.09186813186813,73,Female
74,38.10791208791209,74,Female
75,38.12247252747253,75,Female
76,38.1332967032967,76,Female
77,38.135769230769235,77,Female
78,38.13994505494505,78,Female
79,38.14510989010989,79,Female
80,38.14089006703296,80,Female
81,38.153032924175825,81,Female
82,38.16203928818681,82,Female
83,38.16121511236264,83,Female
84,38.16780851895604,84,Female
85,38.186753616758246,85,Female
86,38.195270100274726,86,Female
87,38.2021931771978,87,Female
88,38.20625911126374,88,Female
89,38.20691845192307,89,Female
90,38.20840196840659,90,Female
91,38.21411625412088,91,Female
92,38.2160942760989,92,Female
93,38.20922614423076,93,Female
94,38.20763273763736,94,Female
95,38.21027472527472,95,Female
96,38.21071428571429,96,Female
97,38.2056043956044,97,Female
98,38.19901098901099,98,Female
99,38.19879120879121,99,Female
100,38.1989010989011,100,Female
101,38.19824175824176,101,Female
102,38.1945054945055,102,Female
103,38.189230769230775,103,Female
104,38.18582417582417,104,Female
105,38.18769230769231,105,Female
106,38.186318681318674,106,Female
107,38.18483516483516,107,Female
108,38.18796240796703,108,Female
109,38.1932920782967,109,Female
110,38.18598438598901,110,Female
111,38.17625911126373,111,Female
112,38.181039331043955,112,Female
113,38.19307229807692,113,Female
114,38.19537999038461,114,Female
115,38.19543493543956,115,Female
116,38.19653383653846,116,Female
117,38.19796240796703,117,Female
118,38.204281089285715,118,Female
119,38.2105997706044,119,Female
120,38.20444592445055,120,Female
121,38.195874495879124,121,Female
122,38.20076460576923,122,Female
123,38.20757779258241,123,Female
124,38.20625911126374,124,Female
125,38.204116254120876,125,Female
126,38.19862174862637,126,Female
127,38.187577792582424,127,Female
128,38.17851185851648,128,Female
129,38.17070966071429,129,Female
130,38.16845691346153,130,Female
131,38.17093406593407,131,Female
132,38.168516483516484,132,Female
133,38.16401098901099,133,Female
134,38.167857142857144,134,Female
135,38.177032967032964,135,Female
136,38.17340659340659,136,Female
137,38.16659340659341,137,Female
138,38.16494505494506,138,Female
139,38.14923076923077,139,Female
140,38.13197802197802,140,Female
141,38.1256043956044,141,Female
142,38.13093406593406,142,Female
143,38.136318681318684,143,Female
144,38.14565934065934,144,Female
145,38.15153846153846,145,Female
146,38.14917582417582,146,Female
147,38.14917582417583,147,Female
148,38.15560439560439,148,Female
149,38.16208791208792,149,Female
150,38.16571428571429,150,Female
151,38.166428571428575,151,Female
152,38.16571428571428,152,Female
153,38.16543956043956,153,Female
154,38.16197802197802,154,Female
155,38.1573076923077,155,Female
156,38.161373626373624,156,Female
157,38.1617032967033,157,Female
158,38.158186813186816,158,Female
159,38.15807692307692,159,Female
160,38.15862637362637,160,Female
161,38.15653846153846,161,Female
162,38.16472527472528,162,Female
163,38.17324175824176,163,Female
164,38.176703296703295,164,Female
165,38.17807692307692,165,Female
166,38.18269230769231,166,Female
167,38.17824175824176,167,Female
168,38.17456043956044,168,Female
169,38.1706043956044,169,Female
170,38.16983516483516,170,Female
171,38.17538461538462,171,Female
172,38.17357142857143,172,Female
173,38.170659340659334,173,Female
174,38.15609890109891,174,Female
175,38.15785714285715,175,Female
176,38.16565934065934,176,Female
177,38.16302197802197,177,Female
178,38.15956043956044,178,Female
179,38.15379120879121,179,Female
180,38.145274725274724,180,Female
181,38.14637362637363,181,Female
182,38.143131868131874,182,Female
183,38.14192307692308,183,Female
184,38.13901098901099,184,Female
185,38.13478021978022,185,Female
186,38.13027010027473,186,Female
187,38.1305997706044,187,Female
188,38.132193177197806,188,Female
189,38.13076460576923,189,Female
190,38.133456913461536,190,Female
191,38.13587449587912,191,Female
192,38.13747252747253,192,Female
193,38.129450549450546,193,Female
194,38.12,194,Female
195,38.11159340659341,195,Female
196,38.11049450549451,196,Female
197,38.11137362637363,197,Female
198,38.11175824175824,198,Female
199,38.11554945054945,199,Female
200,38.120659340659344,200,Female
201,38.12384615384615,201,Female
202,38.12076923076923,202,Female
203,38.121263736263735,203,Female
204,38.13148351648351,204,Female
205,38.1389010989011,205,Female
206,38.143351648351654,206,Female
207,38.1360989010989,207,Female
208,38.12703296703297,208,Female
209,38.11758241758242,209,Female
210,38.113956043956044,210,Female
211,38.11115384615385,211,Female
212,38.10989010989011,212,Female
213,38.10758241758242,213,Female
214,38.10681318681319,214,Female
215,38.1032967032967,215,Female
216,38.09967032967033,216,Female
217,38.09983516483516,217,Female
218,38.09851648351649,218,Female
219,38.097637362637364,219,Female
220,38.09505494505494,220,Female
221,38.090824175824174,221,Female
222,38.08335164835165,222,Female
223,38.08142857142857,223,Female
224,38.08714285714286,224,Female
225,38.08697802197803,225,Female
226,38.082032967032966,226,Female
227,38.080659340659345,227,Female
228,38.08142857142857,228,Female
229,38.08087912087912,229,Female
230,38.07956043956044,230,Female
231,38.0771978021978,231,Female
232,38.074175824175825,232,Female
233,38.07148351648352,233,Female
234,38.064061309065934,234,Female
235,38.05851185851649,235,Female
236,38.06202834203297,236,Female
237,38.0662041662088,237,Female
238,38.06906593406593,238,Female
239,38.065109890109895,239,Female
240,38.056538461538466,240,Female
241,38.04615384615385,241,Female
242,38.0406043956044,242,Female
243,38.04148351648352,243,Female
244,38.032912087912095,244,Female
245,38.02741758241758,245,Female
246,38.01620879120879,246,Female
247,38.011868131868134,247,Female
248,38.00923076923077,248,Female
249,38.020274725274724,249,Female
250,38.02010989010989,250,Female
251,38.01016483516484,251,Female
252,38.00582417582417,252,Female
253,38.00142857142857,253,Female
254,37.99340659340659,254,Female
255,38.00247252747253,255,Female
256,38.009560439560445,256,Female
257,38.00351648351648,257,Female
258,37.995329670329674,258,Female
259,37.98615384615385,259,Female
260,37.98516483516484,260,Female
261,37.986538461538466,261,Female
262,37.987912087912086,262,Female
263,37.98956043956044,263,Female
264,37.98604395604396,264,Female
265,37.96972527472527,265,Female
266,37.96346153846154,266,Female
267,37.97153846153846,267,Female
268,37.979450549450554,268,Female
269,37.985,269,Female
270,37.9910989010989,270,Female
271,37.982417582417575,271,Female
272,37.97587912087912,272,Female
273,37.96818681318681,273,Female
274,37.965659340659336,274,Female
275,37.96802197802198,275,Female
276,37.965329670329666,276,Female
277,37.96296703296703,277,Female
278,37.964999999999996,278,Female
279,37.965604395604394,279,Female
280,37.96835164835165,280,Female
281,37.96813186813187,281,Female
282,37.96901098901099,282,Female
283,37.96857142857143,283,Female
284,37.964285714285715,284,Female
285,37.96148351648352,285,Female
286,37.9678021978022,286,Female
287,37.981373626373625,287,Female
288,37.98164835164835,288,Female
289,37.97516483516483,289,Female
290,37.964670329670334,290,Female
291,37.9467032967033,291,Female
292,37.94703296703296,292,Female
293,37.94412087912088,293,Female
294,37.930989010989016,294,Female
295,37.923846153846156,295,Female
296,37.925824175824175,296,Female
297,37.93291208791209,297,Female
298,37.942032967032965,298,Female
299,37.95137362637363,299,Female
300,37.95010989010989,300,Female
301,37.942582417582415,301,Female
302,37.92989010989011,302,Female
303,37.925054945054946,303,Female
304,37.927032967032964,304,Female
305,37.9228021978022,305,Female
306,37.923571428571435,306,Female
307,37.932417582417585,307,Female
308,37.933736263736265,308,Female
309,37.93758241758241,309,Female
310,37.93670329670329,310,Female
311,37.93780219780219,311,Female
312,37.93884615384616,312,Female
313,37.93989010989011,313,Female
314,37.9393956043956,314,Female
315,37.9448901098901,315,Female
316,37.957472527472525,316,Female
317,37.95472527472527,317,Female
318,37.94785714285714,318,Female
319,37.94076923076923,319,Female
320,37.928131868131864,320,Female
321,37.916758241758245,321,Female
322,37.918846153846154,322,Female
323,37.925164835164836,323,Female
324,37.925604395604395,324,Female
325,37.92181318681319,325,Female
326,37.92989010989011,326,Female
327,37.925714285714285,327,Female
328,37.92076923076923,328,Female
329,37.92120879120879,329,Female
330,37.933736263736265,330,Female
331,37.93582417582417,331,Female
332,37.93126373626374,332,Female
333,37.93725274725274,333,Female
334,37.93736263736263,334,Female
335,37.92741758241758,335,Female
336,37.924175824175826,336,Female
337,37.918406593406594,337,Female
338,37.91538461538461,338,Female
339,37.91642857142857,339,Female
340,37.92258241758242,340,Female
341,37.924450549450555,341,Female
342,37.92142857142857,342,Female
343,37.919230769230765,343,Female
344,37.92521978021978,344,Female
345,37.935054945054944,345,Female
346,37.93862637362638,346,Female
347,37.94791208791209,347,Female
348,37.963736263736266,348,Female
349,37.965934065934064,349,Female
350,37.96934065934066,350,Female
351,37.97758241758242,351,Female
352,37.97604395604395,352,Female
353,37.974230769230765,353,Female
354,37.97065934065934,354,Female
355,37.966208791208786,355,Female
356,37.962582417582425,356,Female
357,37.966263736263734,357,Female
358,37.972252747252746,358,Female
359,37.971923076923076,359,Female
360,37.96983516483517,360,Female
361,37.97439560439561,361,Female
362,37.978571428571435,362,Female
363,37.98401098901099,363,Female
364,37.98417582417583,364,Female
365,37.97774725274725,365,Female
366,37.965879120879116,366,Female
367,37.963296703296706,367,Female
368,37.96357142857143,368,Female
369,37.959065934065926,369,Female
370,37.95434065934065,370,Female
371,37.957032967032966,371,Female
372,37.9589010989011,372,Female
373,37.96021978021978,373,Female
374,37.956868131868134,374,Female
375,37.95582417582417,375,Female
376,37.949670329670326,376,Female
377,37.94818681318681,377,Female
378,37.95087912087912,378,Female
379,37.956318681318685,379,Female
380,37.95076923076923,380,Female
381,37.950714285714284,381,Female
382,37.94631868131868,382,Female
383,37.9410989010989,383,Female
384,37.9395054945055,384,Female
385,37.94791208791209,385,Female
386,37.954945054945064,386,Female
387,37.96038461538461,387,Female
388,37.96208791208791,388,Female
389,37.96615384615385,389,Female
390,37.96730306730769,390,Female
391,37.96735801236264,391,Female
392,37.96846153846154,392,Female
393,37.96126373626374,393,Female
394,37.96060439560439,394,Female
395,37.96445054945055,395,Female
396,37.95186813186813,396,Female
397,37.940439560439565,397,Female
398,37.93835164835165,398,Female
399,37.9434065934066,399,Female
400,37.9448901098901,400,Female
401,37.949725274725274,401,Female
402,37.9532967032967,402,Female
403,37.95494505494505,403,Female
404,37.95467032967033,404,Female
405,37.94483516483516,405,Female
406,37.94615384615385,406,Female
407,37.9504945054945,407,Female
408,37.95120879120879,408,Female
409,37.95395604395605,409,Female
410,37.95989010989011,410,Female
411,37.96032967032967,411,Female
412,37.9593956043956,412,Female
413,37.947197802197806,413,Female
414,37.93164835164835,414,Female
415,37.92126373626373,415,Female
416,37.91401098901099,416,Female
417,37.91131868131868,417,Female
418,37.90752747252748,418,Female
419,37.89906593406594,419,Female
420,37.89791208791208,420,Female
421,37.895164835164834,421,Female
422,37.896428571428565,422,Female
423,37.88642857142857,423,Female
424,37.878076923076925,424,Female
425,37.886538461538464,425,Female
426,37.88725274725275,426,Female
427,37.8754945054945,427,Female
428,37.876318681318686,428,Female
429,37.878626373626375,429,Female
430,37.878076923076925,430,Female
431,37.86725274725274,431,Female
432,37.86164835164835,432,Female
433,37.85395604395604,433,Female
434,37.8560989010989,434,Female
435,37.85774725274725,435,Female
436,37.85126373626373,436,Female
437,37.838406593406596,437,Female
438,37.83648351648351,438,Female
439,37.840384615384615,439,Female
440,37.84263736263737,440,Female
441,37.85016483516483,441,Female
442,37.848901098901095,442,Female
443,37.84615384615385,443,Female
444,37.84368131868132,444,Female
445,37.84065934065934,445,Female
446,37.83626373626374,446,Female
447,37.831593406593406,447,Female
448,37.8332967032967,448,Female
449,37.838406593406596,449,Female
450,37.82912087912087,450,Female
451,37.809945054945054,451,Female
452,37.79835164835165,452,Female
453,37.793846153846154,453,Female
454,37.79065934065934,454,Female
455,37.78274725274725,455,Female
456,37.7728021978022,456,Female
457,37.76252747252747,457,Female
458,37.76137362637363,458,Female
459,37.75917582417583,459,Female
460,37.76230769230769,460,Female
461,37.77203296703296,461,Female
462,37.77076923076923,462,Female
463,37.7595054945055,463,Female
464,37.755604395604394,464,Female
465,37.75571428571429,465,Female
466,37.75456043956044,466,Female
467,37.75340659340659,467,Female
468,37.74873626373626,468,Female
469,37.74851648351648,469,Female
470,37.74252747252747,470,Female
471,37.737637362637365,471,Female
472,37.7356043956044,472,Female
473,37.7371978021978,473,Female
474,37.7421978021978,474,Female
475,37.74126373626374,475,Female
476,37.73521978021978,476,Female
477,37.738186813186815,477,Female
478,37.738186813186815,478,Female
479,37.7360989010989,479,Female
480,37.73983516483516,480,Female
481,37.74175824175824,481,Female
482,37.737637362637365,482,Female
483,37.73164835164835,483,Female
484,37.72697802197802,484,Female
485,37.721978021978025,485,Female
486,37.71868131868132,486,Female
487,37.715714285714284,487,Female
488,37.70868131868132,488,Female
489,37.70170329670329,489,Female
490,37.70164835164835,490,Female
491,37.69335164835165,491,Female
492,37.68675824175824,492,Female
493,37.68142857142857,493,Female
494,37.68873626373626,494,Female
495,37.69456043956044,495,Female
496,37.69478021978022,496,Female
497,37.69307692307692,497,Female
498,37.691758241758244,498,Female
499,37.691538461538464,499,Female
500,37.689835164835166,500,Female
501,37.682142857142864,501,Female
502,37.675879120879124,502,Female
503,37.67214285714285,503,Female
504,37.6728021978022,504,Female
505,37.67098901098901,505,Female
506,37.66384615384616,506,Female
507,37.670109890109885,507,Female
508,37.67631868131868,508,Female
509,37.67335164835164,509,Female
510,37.67054945054945,510,Female
511,37.66384615384616,511,Female
512,37.65697802197802,512,Female
513,37.64989010989011,513,Female
514,37.64917582417582,514,Female
515,37.64994505494506,515,Female
516,37.652527472527474,516,Female
517,37.64917582417583,517,Female
518,37.636648351648354,518,Female
519,37.621263736263735,519,Female
520,37.61269230769231,520,Female
521,37.612857142857145,521,Female
522,37.61631868131868,522,Female
523,37.6154945054945,523,Female
524,37.61483516483516,524,Female
525,37.6104945054945,525,Female
526,37.59983516483516,526,Female
527,37.58994505494506,527,Female
528,37.58725274725275,528,Female
529,37.589615384615385,529,Female
530,37.58868131868132,530,Female
531,37.585,531,Female
532,37.57763736263736,532,Female
533,37.566318681318684,533,Female
534,37.55637362637363,534,Female
535,37.549175824175826,535,Female
536,37.5554945054945,536,Female
537,37.55467032967033,537,Female
538,37.54824175824176,538,Female
539,37.54027472527473,539,Female
540,37.54412087912088,540,Female
541,37.54071428571429,541,Female
542,37.53346153846154,542,Female
543,37.52181318681318,543,Female
544,37.521593406593404,544,Female
545,37.526923076923076,545,Female
546,37.53087912087911,546,Female
547,37.53725274725275,547,Female
548,37.53686813186813,548,Female
549,37.534835164835165,549,Female
550,37.53840659340659,550,Female
551,37.534615384615385,551,Female
552,37.52494505494506,552,Female
553,37.52208791208791,553,Female
554,37.52412087912088,554,Female
555,37.519835164835165,555,Female
556,37.51368131868132,556,Female
557,37.510824175824176,557,Female
558,37.51796703296703,558,Female
559,37.51851648351648,559,Female
560,37.51659340659341,560,Female
561,37.51401098901099,561,Female
562,37.51335164835165,562,Female
563,37.52032967032967,563,Female
564,37.52313186813187,564,Female
565,37.526263736263736,565,Female
566,37.52175824175824,566,Female
567,37.51290746291209,567,Female
568,37.51411625412088,568,Female
569,37.518676693681314,569,Female
570,37.510439560439565,570,Female
571,37.50181318681319,571,Female
572,37.495989010989014,572,Female
573,37.49412087912088,573,Female
574,37.487637362637365,574,Female
575,37.479615384615386,575,Female
576,37.46824175824175,576,Female
577,37.46186813186813,577,Female
578,37.449120879120876,578,Female
579,37.434945054945054,579,Female
580,37.42697802197802,580,Female
581,37.419285714285714,581,Female
582,37.427747252747245,582,Female
583,37.43335164835165,583,Female
584,37.42994505494505,584,Female
585,37.42120879120879,585,Female
586,37.41604395604396,586,Female
587,37.417967032967034,587,Female
588,37.418076923076924,588,Female
589,37.418681318681315,589,Female
590,37.408241758241765,590,Female
591,37.39686813186813,591,Female
592,37.38961538461539,592,Female
593,37.386538461538464,593,Female
594,37.39159340659341,594,Female
595,37.384010989010996,595,Female
596,37.370000000000005,596,Female
597,37.3654945054945,597,Female
598,37.36686813186814,598,Female
599,37.36967032967033,599,Female
600,37.36434065934066,600,Female
601,37.35214285714286,601,Female
602,37.34505494505494,602,Female
603,37.34076923076923,603,Female
604,37.33549450549451,604,Female
605,37.32758241758241,605,Female
606,37.32225274725274,606,Female
607,37.321538461538466,607,Female
608,37.322967032967036,608,Female
609,37.32054945054945,609,Female
610,37.318791208791204,610,Female
611,37.32082417582417,611,Female
612,37.3184065934066,612,Female
613,37.31884615384615,613,Female
614,37.318131868131864,614,Female
615,37.31945054945055,615,Female
616,37.31807692307692,616,Female
617,37.318406593406586,617,Female
618,37.322417582417586,618,Female
619,37.329010989010996,619,Female
620,37.33478021978022,620,Female
621,37.33813186813187,621,Female
622,37.338956043956046,622,Female
623,37.33631868131868,623,Female
624,37.332417582417584,624,Female
625,37.33417582417582,625,Female
626,37.33417582417582,626,Female
627,37.33049450549451,627,Female
628,37.326043956043954,628,Female
629,37.32142857142857,629,Female
630,37.315054945054946,630,Female
631,37.30153846153846,631,Female
632,37.293021978021976,632,Female
633,37.285659340659336,633,Female
634,37.28758241758242,634,Female
635,37.29,635,Female
636,37.284395604395606,636,Female
637,37.276648351648355,637,Female
638,37.27395604395604,638,Female
639,37.277747252747254,639,Female
640,37.28060439560439,640,Female
641,37.278516483516476,641,Female
642,37.27879120879121,642,Female
643,37.28752747252747,643,Female
644,37.29895604395604,644,Female
645,37.29642857142857,645,Female
646,37.291758241758245,646,Female
647,37.29274725274725,647,Female
648,37.292142857142856,648,Female
649,37.28917582417582,649,Female
650,37.28912087912088,650,Female
651,37.28917582417582,651,Female
652,37.27879120879121,652,Female
653,37.26510989010989,653,Female
654,37.253791208791206,654,Female
655,37.24379120879121,655,Female
656,37.23857142857143,656,Female
657,37.237582417582416,657,Female
658,37.23549450549451,658,Female
659,37.231593406593404,659,Female
660,37.223021978021976,660,Female
661,37.220219780219786,661,Female
662,37.22082417582418,662,Female
663,37.23164835164835,663,Female
664,37.23967032967033,664,Female
665,37.23543956043956,665,Female
666,37.230384615384615,666,Female
667,37.22565934065934,667,Female
668,37.22423076923077,668,Female
669,37.22582417582418,669,Female
670,37.220879120879125,670,Female
671,37.21175824175824,671,Female
672,37.20395604395605,672,Female
673,37.199835164835164,673,Female
674,37.19302197802198,674,Female
675,37.191373626373625,675,Female
676,37.19693983351648,676,Female
677,37.19161016318681,677,Female
678,37.18029148186813,678,Female
679,37.17182994340659,679,Female
680,37.170346426923075,680,Female
681,37.16606071263736,681,Female
682,37.15935741593406,682,Female
683,37.15263736263736,683,Female
684,37.149890109890116,684,Female
685,37.145329670329666,685,Female
686,37.14620879120879,686,Female
687,37.14412087912088,687,Female
688,37.14258241758241,688,Female
689,37.13868131868132,689,Female
690,37.13445054945055,690,Female
691,37.13203296703296,691,Female
692,37.12362637362638,692,Female
693,37.10906593406593,693,Female
694,37.096098901098905,694,Female
695,37.08351648351648,695,Female
696,37.073406593406595,696,Female
697,37.06835164835165,697,Female
698,37.0645054945055,698,Female
699,37.060054945054944,699,Female
700,37.0606043956044,700,Female
701,37.0645054945055,701,Female
702,37.06417582417583,702,Female
703,37.05802197802198,703,Female
704,37.05307692307692,704,Female
705,37.051868131868126,705,Female
706,37.050549450549454,706,Female
707,37.043681318681315,707,Female
708,37.03274725274725,708,Female
709,37.018406593406596,709,Female
710,37.01659340659341,710,Female
711,37.01373626373627,711,Female
712,37.0078021978022,712,Female
713,37.00159340659341,713,Female
714,36.998406593406585,714,Female
715,36.99329670329671,715,Female
716,36.98692307692308,716,Female
717,36.98752747252747,717,Female
718,36.9856043956044,718,Female
719,36.974560439560435,719,Female
720,36.96901098901099,720,Female
721,36.96333705813187,721,Female
722,36.95432606912088,722,Female
723,36.948076923076925,723,Female
724,36.939987547637365,724,Female
725,36.92987765752747,725,Female
726,36.917350185,726,Female
727,36.902954580604394,727,Female
728,36.89174578939561,728,Female
729,36.87811941576923,729,Female
730,36.877954580604396,730,Female
731,36.878461538461536,731,Female
732,36.869670329670335,732,Female
733,36.857802197802194,733,Female
734,36.855494505494505,734,Female
735,36.847142857142856,735,Female
736,36.84076923076923,736,Female
737,36.83642857142858,737,Female
738,36.83703296703296,738,Female
739,36.83258241758242,739,Female
740,36.82351648351648,740,Female
741,36.82208791208791,741,Female
742,36.825934065934064,742,Female
743,36.82236263736264,743,Female
744,36.81873626373626,744,Female
745,36.818241758241754,745,Female
746,36.82175824175824,746,Female
747,36.824340659340656,747,Female
748,36.821648351648356,748,Female
749,36.818131868131864,749,Female
750,36.82230769230769,750,Female
751,36.823131868131874,751,Female
752,36.82021978021977,752,Female
753,36.82516483516484,753,Female
754,36.83675824175824,754,Female
755,36.84115384615385,755,Female
756,36.83241758241758,756,Female
757,36.830769230769235,757,Female
758,36.8317032967033,758,Female
759,36.82791208791208,759,Female
760,36.82115384615385,760,Female
761,36.821868131868136,761,Female
762,36.82230769230769,762,Female
763,36.81576923076923,763,Female
764,36.81219780219781,764,Female
765,36.81230769230769,765,Female
766,36.81203296703297,766,Female
767,36.81318681318681,767,Female
768,36.81379120879121,768,Female
769,36.81318681318681,769,Female
770,36.81071428571429,770,Female
771,36.814560439560445,771,Female
772,36.81098901098901,772,Female
773,36.80631868131868,773,Female
774,36.808241758241756,774,Female
775,36.81274725274726,775,Female
776,36.81884615384615,776,Female
777,36.82054945054945,777,Female
778,36.822527472527476,778,Female
779,36.82098901098901,779,Female
780,36.81851648351648,780,Female
781,36.815274725274726,781,Female
782,36.816483516483515,782,Female
783,36.81604395604396,783,Female
784,36.81296703296703,784,Female
785,36.81274725274726,785,Female
786,36.8145054945055,786,Female
787,36.81395604395605,787,Female
788,36.814945054945056,788,Female
789,36.82137362637362,789,Female
790,36.82901098901099,790,Female
791,36.832747252747254,791,Female
792,36.82884615384615,792,Female
793,36.82285714285714,793,Female
794,36.819972357912086,794,Female
795,36.82299433593407,795,Female
796,36.828433896373625,796,Female
797,36.82909323703297,797,Female
798,36.8259613689011,798,Female
799,36.8281591710989,799,Female
800,36.84098901098901,800,Female
801,36.83222510516483,801,Female
802,36.83651081945055,802,Female
803,36.83662070956044,803,Female
804,36.83917582417582,804,Female
805,36.83675824175824,805,Female
806,36.83791208791208,806,Female
807,36.84274725274725,807,Female
808,36.84956043956044,808,Female
809,36.853406593406596,809,Female
810,36.848626373626374,810,Female
811,36.8504945054945,811,Female
812,36.853956043956046,812,Female
813,36.856043956043955,813,Female
814,36.85708791208791,814,Female
815,36.855714285714285,815,Female
816,36.85769230769231,816,Female
817,36.85972527472528,817,Female
818,36.85884615384616,818,Female
819,36.854615384615386,819,Female
820,36.8548624678022,820,Female
821,36.87269230769231,821,Female
822,36.864972357912094,822,Female
823,36.860576753516476,823,Female
824,36.86046686340659,824,Female
825,36.87576923076923,825,Female
826,36.879945054945054,826,Female
827,36.88252747252748,827,Female
828,36.88373626373626,828,Female
829,36.88346153846153,829,Female
830,36.89005494505494,830,Female
831,36.895054945054945,831,Female
832,36.88744488538462,832,Female
833,36.88054396950549,833,Female
834,36.870659340659344,834,Female
835,36.85928571428571,835,Female
836,36.854450549450554,836,Female
837,36.85417582417582,837,Female
838,36.85835164835164,838,Female
839,36.862802197802196,839,Female
840,36.86565934065934,840,Female
841,36.862967032967035,841,Female
842,36.86,842,Female
843,36.86582417582417,843,Female
844,36.87483516483517,844,Female
845,36.87615384615385,845,Female
846,36.876538461538466,846,Female
847,36.873543786483516,847,Female
848,36.870824175824175,848,Female
849,36.87247252747253,849,Female
850,36.86829670329671,850,Female
851,36.86197802197802,851,Female
852,36.85923076923076,852,Female
853,36.85978021978021,853,Female
854,36.855824175824175,854,Female
855,36.848736263736264,855,Female
856,36.841043956043954,856,Female
857,36.83043956043956,857,Female
858,36.821923076923085,858,Female
859,36.815714285714286,859,Female
860,36.80895604395605,860,Female
861,36.80620879120879,861,Female
862,36.81,862,Female
863,36.82203296703297,863,Female
864,36.8284065934066,864,Female
865,36.833021978021975,865,Female
866,36.83609890109891,866,Female
867,36.84434065934066,867,Female
868,36.84934065934066,868,Female
869,36.84356680357143,869,Female
870,36.8416986717033,870,Female
871,36.84356680357143,871,Female
872,36.848186813186814,872,Female
873,36.85076923076923,873,Female
874,36.8539010989011,874,Female
875,36.861538461538466,875,Female
876,36.86692307692307,876,Female
877,36.870274725274726,877,Female
878,36.87159340659341,878,Female
879,36.86956043956044,879,Female
880,36.87175824175824,880,Female
881,36.87362637362638,881,Female
882,36.871538461538464,882,Female
883,36.86593406593407,883,Female
884,36.85884615384615,884,Female
885,36.854065934065936,885,Female
886,36.85021978021978,886,Female
887,36.85054945054945,887,Female
888,36.84879120879121,888,Female
889,36.838626373626376,889,Female
890,36.831373626373626,890,Female
891,36.82631868131868,891,Female
892,36.82087912087912,892,Female
893,36.82115384615384,893,Female
894,36.82225274725274,894,Female
895,36.82038461538462,895,Female
896,36.818791208791204,896,Female
897,36.81302197802198,897,Female
898,36.81032967032967,898,Female
899,36.80714285714286,899,Female
900,36.80263736263736,900,Female
901,36.79730769230769,901,Female
902,36.79043956043956,902,Female
903,36.7823076923077,903,Female
904,36.77307692307692,904,Female
905,36.767197802197806,905,Female
906,36.762912087912085,906,Female
907,36.76032967032967,907,Female
908,36.75703296703296,908,Female
909,36.754835164835164,909,Female
910,36.74923076923077,910,Female
911,36.74906593406593,911,Female
912,36.754999999999995,912,Female
913,36.75730769230769,913,Female
914,36.75587912087912,914,Female
915,36.754175824175825,915,Female
916,36.75005494505495,916,Female
917,36.75252747252747,917,Female
918,36.75236263736264,918,Female
919,36.75587912087912,919,Female
920,36.76406593406593,920,Female
921,36.7689010989011,921,Female
922,36.770714285714284,922,Female
923,36.77197802197802,923,Female
924,36.77130139521978,924,Female
925,36.77294974686813,925,Female
926,36.774103593021984,926,Female
927,36.76525743917582,927,Female
928,36.76102666994506,928,Female
929,36.758389307307695,929,Female
930,36.75598901098901,930,Female
931,36.74956043956043,931,Female
932,36.745,932,Female
933,36.74456043956044,933,Female
934,36.74714285714286,934,Female
935,36.75065934065934,935,Female
936,36.74989010989011,936,Female
937,36.74730769230769,937,Female
938,36.74346153846154,938,Female
939,36.74076923076923,939,Female
940,36.73401098901099,940,Female
941,36.72593406593406,941,Female
942,36.72543956043956,942,Female
943,36.73010989010989,943,Female
944,36.730989010989006,944,Female
945,36.728626373626376,945,Female
946,36.73021978021978,946,Female
947,36.729120879120885,947,Female
948,36.71774725274725,948,Female
949,36.705,949,Female
950,36.69680770576923,950,Female
951,36.69906045302198,951,Female
952,36.694664848626374,952,Female
953,36.69059891456044,953,Female
954,36.6960989010989,954,Female
955,36.69120331016484,955,Female
956,36.69230769230769,956,Female
957,36.68945054945055,957,Female
958,36.68857142857143,958,Female
959,36.68824175824176,959,Female
960,36.691373626373625,960,Female
961,36.693461538461534,961,Female
962,36.68532967032967,962,Female
963,36.68131868131868,963,Female
964,36.67681318681319,964,Female
965,36.67329670329671,965,Female
966,36.68131868131868,966,Female
967,36.67664835164835,967,Female
968,36.6721978021978,968,Female
969,36.67076923076923,969,Female
970,36.67351648351649,970,Female
971,36.66945054945055,971,Female
972,36.66291208791209,972,Female
973,36.65428571428572,973,Female
974,36.646483516483514,974,Female
975,36.64576923076923,975,Female
976,36.64126373626374,976,Female
977,36.63258241758241,977,Female
978,36.62703296703297,978,Female
979,36.61519213813187,979,Female
980,36.609082755109895,980,Female
981,36.60456267038462,981,Female
982,36.60078605181319,982,Female
983,36.59770912873626,983,Female
984,36.594137700164836,984,Female
985,36.596445392472525,985,Female
986,36.598972865,986,Female
987,36.60276407379121,987,Female
988,36.60913770016483,988,Female
989,36.61595088697802,989,Female
990,36.617049788076926,990,Female
991,36.62395604395605,991,Female
992,36.63362637362637,992,Female
993,36.637692307692305,993,Female
994,36.64043956043956,994,Female
995,36.64192307692308,995,Female
996,36.64093406593406,996,Female
997,36.636868131868134,997,Female
998,36.62945054945055,998,Female
999,36.62928571428572,999,Female
1000,36.63395604395605,1000,Female
1001,36.6378021978022,1001,Female
1002,36.64060439560439,1002,Female
1003,36.63967032967033,1003,Female
1004,36.64126373626374,1004,Female
1005,36.63613795368132,1005,Female
1006,36.62756652510989,1006,Female
1007,36.623775316318685,1007,Female
1008,36.617236854780224,1008,Female
1009,36.59981922412088,1009,Female
1010,36.59361043291209,1010,Female
1011,36.59285709461539,1011,Female
1012,36.590714237472525,1012,Female
1013,36.589175775934066,1013,Female
1014,36.58527467703296,1014,Female
1015,36.59560439560439,1015,Female
1016,36.5934065934066,1016,Female
1017,36.58681313857143,1017,Female
1018,36.58829665505494,1018,Female
1019,36.58598896274725,1019,Female
1020,36.58395599571429,1020,Female
1021,36.58582412758242,1021,Female
1022,36.58390105065934,1022,Female
1023,36.581648351648354,1023,Female
1024,36.58450549450549,1024,Female
1025,36.588956043956046,1025,Female
1026,36.59043956043956,1026,Female
1027,36.592087912087905,1027,Female
1028,36.59565934065934,1028,Female
1029,36.598736263736264,1029,Female
1030,36.599450549450545,1030,Female
1031,36.596978021978025,1031,Female
1032,36.594704563076924,1032,Female
1033,36.5910989010989,1033,Female
1034,36.5889010989011,1034,Female
1035,36.58692307692308,1035,Female
1036,36.58423076923077,1036,Female
1037,36.57895604395605,1037,Female
1038,36.57587912087912,1038,Female
1039,36.573681318681324,1039,Female
1040,36.57071428571429,1040,Female
1041,36.56972527472527,1041,Female
1042,36.57423076923077,1042,Female
1043,36.574395604395605,1043,Female
1044,36.56747252747253,1044,Female
1045,36.564945054945056,1045,Female
1046,36.55934065934066,1046,Female
1047,36.55516483516483,1047,Female
1048,36.55417582417582,1048,Female
1049,36.552362637362634,1049,Female
1050,36.54813186813187,1050,Female
1051,36.541648351648355,1051,Female
1052,36.53802197802198,1052,Female
1053,36.53648351648352,1053,Female
1054,36.53489010989011,1054,Female
1055,36.53027472527473,1055,Female
1056,36.52851648351648,1056,Female
1057,36.53208791208791,1057,Female
1058,36.53648351648352,1058,Female
1059,36.542142857142856,1059,Female
1060,36.54707332186813,1060,Female
1061,36.5474029921978,1061,Female
1062,36.54372167351649,1062,Female
1063,36.54229310208792,1063,Female
1064,36.54104395604396,1064,Female
1065,36.543076923076924,1065,Female
1066,36.54675824175824,1066,Female
1067,36.551263736263735,1067,Female
1068,36.558626373626375,1068,Female
1069,36.56214285714286,1069,Female
1070,36.56252747252747,1070,Female
1071,36.56104395604396,1071,Female
1072,36.55302197802198,1072,Female
1073,36.54483516483516,1073,Female
1074,36.542087912087915,1074,Female
1075,36.53983516483517,1075,Female
1076,36.52989010989011,1076,Female
1077,36.526593406593406,1077,Female
1078,36.53082417582418,1078,Female
1079,36.53796703296703,1079,Female
1080,36.54181318681319,1080,Female
1081,36.543516483516484,1081,Female
1082,36.54862637362637,1082,Female
1083,36.54615384615384,1083,Female
1084,36.543681318681315,1084,Female
1085,36.55054945054945,1085,Female
1086,36.55401098901099,1086,Female
1087,36.557417582417585,1087,Female
1088,36.5610989010989,1088,Female
1089,36.56467032967033,1089,Female
1090,36.56148351648351,1090,Female
1091,36.558846153846154,1091,Female
1092,36.56247252747253,1092,Female
1093,36.56346153846154,1093,Female
1094,36.56104395604395,1094,Female
1095,36.56121973736264,1095,Female
1096,36.56407688021978,1096,Female
1097,36.57627468241758,1097,Female
1098,36.58891204505495,1098,Female
1099,36.5971538032967,1099,Female
1100,36.59940655054945,1100,Female
1101,36.60396699010989,1101,Female
1102,36.606054902197805,1102,Female
1103,36.613252704395606,1103,Female
1104,36.62473622087912,1104,Female
1105,36.6321538032967,1105,Female
1106,36.63412087912088,1106,Female
1107,36.64489010989011,1107,Female
1108,36.651098901098905,1108,Female
1109,36.64763736263736,1109,Female
1110,36.642527472527476,1110,Female
1111,36.63945054945055,1111,Female
1112,36.63956043956044,1112,Female
1113,36.645384615384614,1113,Female
1114,36.65752747252748,1114,Female
1115,36.669230769230765,1115,Female
1116,36.676098901098904,1116,Female
1117,36.68236263736264,1117,Female
1118,36.683791208791206,1118,Female
1119,36.68510989010989,1119,Female
1120,36.68483516483517,1120,Female
1121,36.685439560439555,1121,Female
1122,36.68467032967033,1122,Female
1123,36.68582417582417,1123,Female
1124,36.68120879120879,1124,Female
1125,36.67324175824176,1125,Female
1126,36.66774725274725,1126,Female
1127,36.66340659340659,1127,Female
1128,36.65631868131868,1128,Female
1129,36.6489010989011,1129,Female
1130,36.645714285714284,1130,Female
1131,36.644450549450546,1131,Female
1132,36.64137362637363,1132,Female
1133,36.635566271593405,1133,Female
1134,36.627269568296704,1134,Female
1135,36.6211706671978,1135,Female
1136,36.619027810054945,1136,Female
1137,36.617599238626376,1137,Female
1138,36.61851648351648,1138,Female
1139,36.61714285714286,1139,Female
1140,36.6160989010989,1140,Female
1141,36.61357142857143,1141,Female
1142,36.61,1142,Female
1143,36.60846153846154,1143,Female
1144,36.605549450549454,1144,Female
1145,36.606703296703294,1145,Female
1146,36.611208791208796,1146,Female
1147,36.61445054945055,1147,Female
1148,36.61653846153847,1148,Female
1149,36.61956043956044,1149,Female
1150,36.62351648351648,1150,Female
1151,36.6289010989011,1151,Female
1152,36.637912087912085,1152,Female
1153,36.63807692307692,1153,Female
1154,36.63752747252747,1154,Female
1155,36.635989010989015,1155,Female
1156,36.63032967032967,1156,Female
1157,36.627637362637365,1157,Female
1158,36.63010386901099,1158,Female
1159,36.6299939789011,1159,Female
1160,36.62884013274725,1160,Female
1161,36.62867529758241,1161,Female
1162,36.63367529758242,1162,Female
1163,36.64197200087913,1163,Female
1164,36.647246726153845,1164,Female
1165,36.65560439560439,1165,Female
1166,36.66263736263736,1166,Female
1167,36.667142857142856,1167,Female
1168,36.66637362637363,1168,Female
1169,36.66203296703297,1169,Female
1170,36.663385881758245,1170,Female
1171,36.6621978021978,1171,Female
1172,36.667032967032966,1172,Female
1173,36.668516483516484,1173,Female
1174,36.667912087912086,1174,Female
1175,36.66412087912088,1175,Female
1176,36.65956043956044,1176,Female
1177,36.65208791208791,1177,Female
1178,36.64510989010989,1178,Female
1179,36.63983516483517,1179,Female
1180,36.63434065934066,1180,Female
1181,36.636153846153846,1181,Female
1182,36.64038461538462,1182,Female
1183,36.643076923076926,1183,Female
1184,36.645934065934064,1184,Female
1185,36.646263736263734,1185,Female
1186,36.636153846153846,1186,Female
1187,36.628351648351654,1187,Female
1188,36.62532967032967,1188,Female
1189,36.61505494505494,1189,Female
1190,36.6028021978022,1190,Female
1191,36.60098901098901,1191,Female
1192,36.60241758241758,1192,Female
1193,36.59593406593406,1193,Female
1194,36.58659340659341,1194,Female
1195,36.5771978021978,1195,Female
1196,36.573351648351654,1196,Female
1197,36.571868131868136,1197,Female
1198,36.56401098901099,1198,Female
1199,36.558241758241756,1199,Female
1200,36.55346153846154,1200,Female
1201,36.54467032967033,1201,Female
1202,36.536373626373624,1202,Female
1203,36.53192307692307,1203,Female
1204,36.52884615384615,1204,Female
1205,36.530803464175825,1205,Female
1206,36.53217709054945,1206,Female
1207,36.53651774989011,1207,Female
1208,36.53827599164835,1208,Female
1209,36.53530895868132,1209,Female
1210,36.53181318681319,1210,Female
1211,36.52796703296703,1211,Female
1212,36.52928571428571,1212,Female
1213,36.52587912087912,1213,Female
1214,36.52631868131868,1214,Female
1215,36.53076923076923,1215,Female
1216,36.53884615384616,1216,Female
1217,36.54785714285715,1217,Female
1218,36.55098901098901,1218,Female
1219,36.550384615384615,1219,Female
1220,36.55296703296703,1220,Female
1221,36.55241758241758,1221,Female
1222,36.55208791208791,1222,Female
1223,36.552472527472524,1223,Female
1224,36.55593406593407,1224,Female
1225,36.55692307692308,1225,Female
1226,36.55675824175824,1226,Female
1227,36.55741758241758,1227,Female
1228,36.56076923076923,1228,Female
1229,36.57027472527473,1229,Female
1230,36.58137362637363,1230,Female
1231,36.58747252747253,1231,Female
1232,36.590329670329666,1232,Female
1233,36.59186813186813,1233,Female
1234,36.59373626373627,1234,Female
1235,36.599230769230765,1235,Female
1236,36.60335164835164,1236,Female
1237,36.60697802197802,1237,Female
1238,36.606923076923074,1238,Female
1239,36.60505494505495,1239,Female
1240,36.60274725274725,1240,Female
1241,36.60324175824176,1241,Female
1242,36.607142857142854,1242,Female
1243,36.61467032967033,1243,Female
1244,36.62467032967033,1244,Female
1245,36.62714285714286,1245,Female
1246,36.63146623038461,1246,Female
1247,36.627565131483514,1247,Female
1248,36.628015638076924,1248,Female
1249,36.63417862054945,1249,Female
1250,36.64494785131868,1250,Female
1251,36.65559805565935,1251,Female
1252,36.65592772598901,1252,Female
1253,36.65153846153846,1253,Female
1254,36.65664835164835,1254,Female
1255,36.65505494505494,1255,Female
1256,36.65626373626373,1256,Female
1257,36.660494505494505,1257,Female
1258,36.658406593406596,1258,Female
1259,36.65868131868132,1259,Female
1260,36.6626923076923,1260,Female
1261,36.66461538461539,1261,Female
1262,36.66164835164835,1262,Female
1263,36.6573076923077,1263,Female
1264,36.65351648351649,1264,Female
1265,36.65186813186813,1265,Female
1266,36.65076923076923,1266,Female
1267,36.651263736263736,1267,Female
1268,36.65604395604396,1268,Female
1269,36.6589010989011,1269,Female
1270,36.661043956043954,1270,Female
1271,36.6612087912088,1271,Female
1272,36.66291208791209,1272,Female
1273,36.668681318681315,1273,Female
1274,36.67576923076923,1274,Female
1275,36.67373626373627,1275,Female
1276,36.67148351648352,1276,Female
1277,36.67736263736264,1277,Female
1278,36.68148351648352,1278,Female
1279,36.684010989010986,1279,Female
1280,36.6904945054945,1280,Female
1281,36.69373626373626,1281,Female
1282,36.69576923076924,1282,Female
1283,36.70269230769231,1283,Female
1284,36.706263736263736,1284,Female
1285,36.70978021978022,1285,Female
1286,36.707362637362635,1286,Female
1287,36.700219780219776,1287,Female
1288,36.69516483516484,1288,Female
1289,36.698296703296705,1289,Female
1290,36.70461538461539,1290,Female
1291,36.69989010989011,1291,Female
1292,36.70400496791209,1292,Female
1293,36.710158814065935,1293,Female
1294,36.715543429450555,1294,Female
1295,36.71581815472528,1295,Female
1296,36.71488408879121,1296,Female
1297,36.71241758241758,1297,Female
1298,36.71642857142857,1298,Female
1299,36.712252747252755,1299,Female
1300,36.71258241758242,1300,Female
1301,36.71258241758242,1301,Female
1302,36.713681318681324,1302,Female
1303,36.71835164835165,1303,Female
1304,36.72598901098901,1304,Female
1305,36.73005494505494,1305,Female
1306,36.73291208791209,1306,Female
1307,36.73065934065934,1307,Female
1308,36.72681318681318,1308,Female
1309,36.72571428571428,1309,Female
1310,36.72774725274725,1310,Female
1311,36.729505494505496,1311,Female
1312,36.73324175824176,1312,Female
1313,36.73412087912088,1313,Female
1314,36.73483516483516,1314,Female
1315,36.73576923076923,1315,Female
1316,36.73785714285714,1316,Female
1317,36.747197802197796,1317,Female
1318,36.754890109890106,1318,Female
1319,36.76032967032967,1319,Female
1320,36.762032967032965,1320,Female
1321,36.767637362637366,1321,Female
1322,36.7743956043956,1322,Female
1323,36.77318681318682,1323,Female
1324,36.77258241758242,1324,Female
1325,36.77214285714285,1325,Female
1326,36.76956043956044,1326,Female
1327,36.767857142857146,1327,Female
1328,36.76505494505494,1328,Female
1329,36.76252747252747,1329,Female
1330,36.77065934065934,1330,Female
1331,36.7810989010989,1331,Female
1332,36.7889010989011,1332,Female
1333,36.793351648351646,1333,Female
1334,36.80010989010989,1334,Female
1335,36.81280219780219,1335,Female
1336,36.817307692307686,1336,Female
1337,36.81214285714286,1337,Female
1338,36.810054945054944,1338,Female
1339,36.808241758241756,1339,Female
1340,36.80637362637363,1340,Female
1341,36.80527472527473,1341,Female
1342,36.802747252747245,1342,Female
1343,36.801868131868126,1343,Female
1344,36.80582417582417,1344,Female
1345,36.81280219780219,1345,Female
1346,36.81752747252748,1346,Female
1347,36.81873626373626,1347,Female
1348,36.8154945054945,1348,Female
1349,36.81219780219781,1349,Female
1350,36.817362637362635,1350,Female
1351,36.823516483516485,1351,Female
1352,36.82626373626374,1352,Female
1353,36.826098901098895,1353,Female
1354,36.8198901098901,1354,Female
1355,36.819010989010984,1355,Female
1356,36.81747252747253,1356,Female
1357,36.821648351648356,1357,Female
1358,36.832252747252745,1358,Female
1359,36.83549450549451,1359,Female
1360,36.83653846153846,1360,Female
1361,36.83835164835165,1361,Female
1362,36.83692307692308,1362,Female
1363,36.83598901098901,1363,Female
1364,36.839010989010994,1364,Female
1365,36.84186813186813,1365,Female
1366,36.84499999999999,1366,Female
1367,36.848681318681315,1367,Female
1368,36.84884615384615,1368,Female
1369,36.84934065934066,1369,Female
1370,36.84906593406593,1370,Female
1371,36.847307692307695,1371,Female
1372,36.838791208791214,1372,Female
1373,36.84208791208791,1373,Female
1374,36.84895604395604,1374,Female
1375,36.85192307692308,1375,Female
1376,36.85093406593406,1376,Female
1377,36.84906593406593,1377,Female
1378,36.8526923076923,1378,Female
1379,36.857142857142854,1379,Female
1380,36.86181318681319,1380,Female
1381,36.872802197802194,1381,Female
1382,36.88620879120879,1382,Female
1383,36.8960989010989,1383,Female
1384,36.903571428571425,1384,Female
1385,36.89989010989011,1385,Female
1386,36.89813186813187,1386,Female
1387,36.90263736263736,1387,Female
1388,36.905329670329664,1388,Female
1389,36.91153846153846,1389,Female
1390,36.91296703296704,1390,Female
1391,36.92,1391,Female
1392,36.926648351648346,1392,Female
1393,36.92548988049451,1393,Female
1394,36.93043956043956,1394,Female
1395,36.943241758241754,1395,Female
1396,36.958241758241755,1396,Female
1397,36.96956043956044,1397,Female
1398,36.979450549450554,1398,Female
1399,36.987912087912086,1399,Female
